[0.236s] DEBUG:colcon:Command line arguments: ['/usr/bin/colcon', 'build', '--symlink-install', '--packages-select', 'ros_industrial_actuators']
[0.236s] DEBUG:colcon:Parsed command line arguments: Namespace(log_base=None, log_level=None, verb_name='build', build_base='build', install_base='install', merge_install=False, symlink_install=True, test_result_base=None, continue_on_error=False, executor='parallel', parallel_workers=16, event_handlers=None, ignore_user_meta=False, metas=['./colcon.meta'], base_paths=['.'], packages_ignore=None, packages_ignore_regex=None, paths=None, packages_up_to=None, packages_up_to_regex=None, packages_above=None, packages_above_and_dependencies=None, packages_above_depth=None, packages_select_by_dep=None, packages_skip_by_dep=None, packages_skip_up_to=None, packages_select_build_failed=False, packages_skip_build_finished=False, packages_select_test_failures=False, packages_skip_test_passed=False, packages_select=['ros_industrial_actuators'], packages_skip=None, packages_select_regex=None, packages_skip_regex=None, packages_start=None, packages_end=None, allow_overriding=[], cmake_args=None, cmake_target=None, cmake_target_skip_unavailable=False, cmake_clean_cache=False, cmake_clean_first=False, cmake_force_configure=False, ament_cmake_args=None, catkin_cmake_args=None, catkin_skip_building_tests=False, mixin_files=None, mixin=None, verb_parser=<colcon_mixin.mixin.mixin_argument.MixinArgumentDecorator object at 0x7f101b7153d0>, verb_extension=<colcon_core.verb.build.BuildVerb object at 0x7f101b829820>, main=<bound method BuildVerb.main of <colcon_core.verb.build.BuildVerb object at 0x7f101b829820>>, mixin_verb=('build',))
[0.264s] Level 1:colcon.colcon_core.package_discovery:discover_packages(colcon_meta) check parameters
[0.264s] Level 1:colcon.colcon_core.package_discovery:discover_packages(recursive) check parameters
[0.264s] Level 1:colcon.colcon_core.package_discovery:discover_packages(ignore) check parameters
[0.264s] Level 1:colcon.colcon_core.package_discovery:discover_packages(path) check parameters
[0.264s] Level 1:colcon.colcon_core.package_discovery:discover_packages(colcon_meta) discover
[0.264s] Level 1:colcon.colcon_core.package_discovery:discover_packages(recursive) discover
[0.264s] INFO:colcon.colcon_core.package_discovery:Crawling recursively for packages in '/home/student/ros2_industrial_ws/src/ROS2_industrial'
[0.264s] Level 1:colcon.colcon_core.package_identification:_identify(.) by extensions ['ignore', 'ignore_ament_install']
[0.264s] Level 1:colcon.colcon_core.package_identification:_identify(.) by extension 'ignore'
[0.264s] Level 1:colcon.colcon_core.package_identification:_identify(.) by extension 'ignore_ament_install'
[0.264s] Level 1:colcon.colcon_core.package_identification:_identify(.) by extensions ['colcon_pkg']
[0.264s] Level 1:colcon.colcon_core.package_identification:_identify(.) by extension 'colcon_pkg'
[0.264s] Level 1:colcon.colcon_core.package_identification:_identify(.) by extensions ['colcon_meta']
[0.264s] Level 1:colcon.colcon_core.package_identification:_identify(.) by extension 'colcon_meta'
[0.264s] Level 1:colcon.colcon_core.package_identification:_identify(.) by extensions ['ros']
[0.264s] Level 1:colcon.colcon_core.package_identification:_identify(.) by extension 'ros'
[0.283s] Level 1:colcon.colcon_core.package_identification:_identify(.) by extensions ['cmake', 'python']
[0.283s] Level 1:colcon.colcon_core.package_identification:_identify(.) by extension 'cmake'
[0.283s] Level 1:colcon.colcon_core.package_identification:_identify(.) by extension 'python'
[0.283s] Level 1:colcon.colcon_core.package_identification:_identify(.) by extensions ['python_setup_py']
[0.283s] Level 1:colcon.colcon_core.package_identification:_identify(.) by extension 'python_setup_py'
[0.283s] Level 1:colcon.colcon_core.package_identification:_identify(1_basics) by extensions ['ignore', 'ignore_ament_install']
[0.283s] Level 1:colcon.colcon_core.package_identification:_identify(1_basics) by extension 'ignore'
[0.283s] Level 1:colcon.colcon_core.package_identification:_identify(1_basics) by extension 'ignore_ament_install'
[0.284s] Level 1:colcon.colcon_core.package_identification:_identify(1_basics) by extensions ['colcon_pkg']
[0.284s] Level 1:colcon.colcon_core.package_identification:_identify(1_basics) by extension 'colcon_pkg'
[0.284s] Level 1:colcon.colcon_core.package_identification:_identify(1_basics) by extensions ['colcon_meta']
[0.284s] Level 1:colcon.colcon_core.package_identification:_identify(1_basics) by extension 'colcon_meta'
[0.284s] Level 1:colcon.colcon_core.package_identification:_identify(1_basics) by extensions ['ros']
[0.284s] Level 1:colcon.colcon_core.package_identification:_identify(1_basics) by extension 'ros'
[0.284s] Level 1:colcon.colcon_core.package_identification:_identify(1_basics) by extensions ['cmake', 'python']
[0.284s] Level 1:colcon.colcon_core.package_identification:_identify(1_basics) by extension 'cmake'
[0.284s] Level 1:colcon.colcon_core.package_identification:_identify(1_basics) by extension 'python'
[0.284s] Level 1:colcon.colcon_core.package_identification:_identify(1_basics) by extensions ['python_setup_py']
[0.284s] Level 1:colcon.colcon_core.package_identification:_identify(1_basics) by extension 'python_setup_py'
[0.284s] Level 1:colcon.colcon_core.package_identification:_identify(1_basics/ESP32) by extensions ['ignore', 'ignore_ament_install']
[0.284s] Level 1:colcon.colcon_core.package_identification:_identify(1_basics/ESP32) by extension 'ignore'
[0.284s] Level 1:colcon.colcon_core.package_identification:_identify(1_basics/ESP32) by extension 'ignore_ament_install'
[0.284s] Level 1:colcon.colcon_core.package_identification:_identify(1_basics/ESP32) by extensions ['colcon_pkg']
[0.284s] Level 1:colcon.colcon_core.package_identification:_identify(1_basics/ESP32) by extension 'colcon_pkg'
[0.284s] Level 1:colcon.colcon_core.package_identification:_identify(1_basics/ESP32) by extensions ['colcon_meta']
[0.284s] Level 1:colcon.colcon_core.package_identification:_identify(1_basics/ESP32) by extension 'colcon_meta'
[0.284s] Level 1:colcon.colcon_core.package_identification:_identify(1_basics/ESP32) by extensions ['ros']
[0.284s] Level 1:colcon.colcon_core.package_identification:_identify(1_basics/ESP32) by extension 'ros'
[0.284s] Level 1:colcon.colcon_core.package_identification:_identify(1_basics/ESP32) by extensions ['cmake', 'python']
[0.284s] Level 1:colcon.colcon_core.package_identification:_identify(1_basics/ESP32) by extension 'cmake'
[0.284s] Level 1:colcon.colcon_core.package_identification:_identify(1_basics/ESP32) by extension 'python'
[0.284s] Level 1:colcon.colcon_core.package_identification:_identify(1_basics/ESP32) by extensions ['python_setup_py']
[0.284s] Level 1:colcon.colcon_core.package_identification:_identify(1_basics/ESP32) by extension 'python_setup_py'
[0.284s] Level 1:colcon.colcon_core.package_identification:_identify(1_basics/ESP32/ultrasonic_sensor) by extensions ['ignore', 'ignore_ament_install']
[0.284s] Level 1:colcon.colcon_core.package_identification:_identify(1_basics/ESP32/ultrasonic_sensor) by extension 'ignore'
[0.284s] Level 1:colcon.colcon_core.package_identification:_identify(1_basics/ESP32/ultrasonic_sensor) by extension 'ignore_ament_install'
[0.284s] Level 1:colcon.colcon_core.package_identification:_identify(1_basics/ESP32/ultrasonic_sensor) by extensions ['colcon_pkg']
[0.284s] Level 1:colcon.colcon_core.package_identification:_identify(1_basics/ESP32/ultrasonic_sensor) by extension 'colcon_pkg'
[0.284s] Level 1:colcon.colcon_core.package_identification:_identify(1_basics/ESP32/ultrasonic_sensor) by extensions ['colcon_meta']
[0.284s] Level 1:colcon.colcon_core.package_identification:_identify(1_basics/ESP32/ultrasonic_sensor) by extension 'colcon_meta'
[0.284s] Level 1:colcon.colcon_core.package_identification:_identify(1_basics/ESP32/ultrasonic_sensor) by extensions ['ros']
[0.284s] Level 1:colcon.colcon_core.package_identification:_identify(1_basics/ESP32/ultrasonic_sensor) by extension 'ros'
[0.285s] Level 1:colcon.colcon_core.package_identification:_identify(1_basics/ESP32/ultrasonic_sensor) by extensions ['cmake', 'python']
[0.285s] Level 1:colcon.colcon_core.package_identification:_identify(1_basics/ESP32/ultrasonic_sensor) by extension 'cmake'
[0.285s] Level 1:colcon.colcon_core.package_identification:_identify(1_basics/ESP32/ultrasonic_sensor) by extension 'python'
[0.285s] Level 1:colcon.colcon_core.package_identification:_identify(1_basics/ESP32/ultrasonic_sensor) by extensions ['python_setup_py']
[0.285s] Level 1:colcon.colcon_core.package_identification:_identify(1_basics/ESP32/ultrasonic_sensor) by extension 'python_setup_py'
[0.285s] Level 1:colcon.colcon_core.package_identification:_identify(1_basics/ESP32/ultrasonic_sensor/extra_packages) by extensions ['ignore', 'ignore_ament_install']
[0.285s] Level 1:colcon.colcon_core.package_identification:_identify(1_basics/ESP32/ultrasonic_sensor/extra_packages) by extension 'ignore'
[0.285s] Level 1:colcon.colcon_core.package_identification:_identify(1_basics/ESP32/ultrasonic_sensor/extra_packages) by extension 'ignore_ament_install'
[0.285s] Level 1:colcon.colcon_core.package_identification:_identify(1_basics/ESP32/ultrasonic_sensor/extra_packages) by extensions ['colcon_pkg']
[0.285s] Level 1:colcon.colcon_core.package_identification:_identify(1_basics/ESP32/ultrasonic_sensor/extra_packages) by extension 'colcon_pkg'
[0.285s] Level 1:colcon.colcon_core.package_identification:_identify(1_basics/ESP32/ultrasonic_sensor/extra_packages) by extensions ['colcon_meta']
[0.285s] Level 1:colcon.colcon_core.package_identification:_identify(1_basics/ESP32/ultrasonic_sensor/extra_packages) by extension 'colcon_meta'
[0.285s] Level 1:colcon.colcon_core.package_identification:_identify(1_basics/ESP32/ultrasonic_sensor/extra_packages) by extensions ['ros']
[0.285s] Level 1:colcon.colcon_core.package_identification:_identify(1_basics/ESP32/ultrasonic_sensor/extra_packages) by extension 'ros'
[0.285s] Level 1:colcon.colcon_core.package_identification:_identify(1_basics/ESP32/ultrasonic_sensor/extra_packages) by extensions ['cmake', 'python']
[0.285s] Level 1:colcon.colcon_core.package_identification:_identify(1_basics/ESP32/ultrasonic_sensor/extra_packages) by extension 'cmake'
[0.285s] Level 1:colcon.colcon_core.package_identification:_identify(1_basics/ESP32/ultrasonic_sensor/extra_packages) by extension 'python'
[0.285s] Level 1:colcon.colcon_core.package_identification:_identify(1_basics/ESP32/ultrasonic_sensor/extra_packages) by extensions ['python_setup_py']
[0.285s] Level 1:colcon.colcon_core.package_identification:_identify(1_basics/ESP32/ultrasonic_sensor/extra_packages) by extension 'python_setup_py'
[0.285s] Level 1:colcon.colcon_core.package_identification:_identify(1_basics/ESP32/ultrasonic_sensor/extra_packages/range_sensors_interfaces) by extensions ['ignore', 'ignore_ament_install']
[0.285s] Level 1:colcon.colcon_core.package_identification:_identify(1_basics/ESP32/ultrasonic_sensor/extra_packages/range_sensors_interfaces) by extension 'ignore'
[0.285s] Level 1:colcon.colcon_core.package_identification:_identify(1_basics/ESP32/ultrasonic_sensor/extra_packages/range_sensors_interfaces) by extension 'ignore_ament_install'
[0.285s] Level 1:colcon.colcon_core.package_identification:_identify(1_basics/ESP32/ultrasonic_sensor/extra_packages/range_sensors_interfaces) by extensions ['colcon_pkg']
[0.285s] Level 1:colcon.colcon_core.package_identification:_identify(1_basics/ESP32/ultrasonic_sensor/extra_packages/range_sensors_interfaces) by extension 'colcon_pkg'
[0.285s] Level 1:colcon.colcon_core.package_identification:_identify(1_basics/ESP32/ultrasonic_sensor/extra_packages/range_sensors_interfaces) by extensions ['colcon_meta']
[0.285s] Level 1:colcon.colcon_core.package_identification:_identify(1_basics/ESP32/ultrasonic_sensor/extra_packages/range_sensors_interfaces) by extension 'colcon_meta'
[0.285s] Level 1:colcon.colcon_core.package_identification:_identify(1_basics/ESP32/ultrasonic_sensor/extra_packages/range_sensors_interfaces) by extensions ['ros']
[0.285s] Level 1:colcon.colcon_core.package_identification:_identify(1_basics/ESP32/ultrasonic_sensor/extra_packages/range_sensors_interfaces) by extension 'ros'
[0.287s] DEBUG:colcon.colcon_core.package_identification:Package '1_basics/ESP32/ultrasonic_sensor/extra_packages/range_sensors_interfaces' with type 'ros.ament_cmake' and name 'range_sensors_interfaces'
[0.287s] Level 1:colcon.colcon_core.package_identification:_identify(1_basics/ESP32/ultrasonic_sensor/include) by extensions ['ignore', 'ignore_ament_install']
[0.287s] Level 1:colcon.colcon_core.package_identification:_identify(1_basics/ESP32/ultrasonic_sensor/include) by extension 'ignore'
[0.287s] Level 1:colcon.colcon_core.package_identification:_identify(1_basics/ESP32/ultrasonic_sensor/include) by extension 'ignore_ament_install'
[0.287s] Level 1:colcon.colcon_core.package_identification:_identify(1_basics/ESP32/ultrasonic_sensor/include) by extensions ['colcon_pkg']
[0.287s] Level 1:colcon.colcon_core.package_identification:_identify(1_basics/ESP32/ultrasonic_sensor/include) by extension 'colcon_pkg'
[0.287s] Level 1:colcon.colcon_core.package_identification:_identify(1_basics/ESP32/ultrasonic_sensor/include) by extensions ['colcon_meta']
[0.287s] Level 1:colcon.colcon_core.package_identification:_identify(1_basics/ESP32/ultrasonic_sensor/include) by extension 'colcon_meta'
[0.287s] Level 1:colcon.colcon_core.package_identification:_identify(1_basics/ESP32/ultrasonic_sensor/include) by extensions ['ros']
[0.287s] Level 1:colcon.colcon_core.package_identification:_identify(1_basics/ESP32/ultrasonic_sensor/include) by extension 'ros'
[0.287s] Level 1:colcon.colcon_core.package_identification:_identify(1_basics/ESP32/ultrasonic_sensor/include) by extensions ['cmake', 'python']
[0.288s] Level 1:colcon.colcon_core.package_identification:_identify(1_basics/ESP32/ultrasonic_sensor/include) by extension 'cmake'
[0.288s] Level 1:colcon.colcon_core.package_identification:_identify(1_basics/ESP32/ultrasonic_sensor/include) by extension 'python'
[0.288s] Level 1:colcon.colcon_core.package_identification:_identify(1_basics/ESP32/ultrasonic_sensor/include) by extensions ['python_setup_py']
[0.288s] Level 1:colcon.colcon_core.package_identification:_identify(1_basics/ESP32/ultrasonic_sensor/include) by extension 'python_setup_py'
[0.288s] Level 1:colcon.colcon_core.package_identification:_identify(1_basics/ESP32/ultrasonic_sensor/lib) by extensions ['ignore', 'ignore_ament_install']
[0.288s] Level 1:colcon.colcon_core.package_identification:_identify(1_basics/ESP32/ultrasonic_sensor/lib) by extension 'ignore'
[0.288s] Level 1:colcon.colcon_core.package_identification:_identify(1_basics/ESP32/ultrasonic_sensor/lib) by extension 'ignore_ament_install'
[0.288s] Level 1:colcon.colcon_core.package_identification:_identify(1_basics/ESP32/ultrasonic_sensor/lib) by extensions ['colcon_pkg']
[0.288s] Level 1:colcon.colcon_core.package_identification:_identify(1_basics/ESP32/ultrasonic_sensor/lib) by extension 'colcon_pkg'
[0.288s] Level 1:colcon.colcon_core.package_identification:_identify(1_basics/ESP32/ultrasonic_sensor/lib) by extensions ['colcon_meta']
[0.288s] Level 1:colcon.colcon_core.package_identification:_identify(1_basics/ESP32/ultrasonic_sensor/lib) by extension 'colcon_meta'
[0.288s] Level 1:colcon.colcon_core.package_identification:_identify(1_basics/ESP32/ultrasonic_sensor/lib) by extensions ['ros']
[0.288s] Level 1:colcon.colcon_core.package_identification:_identify(1_basics/ESP32/ultrasonic_sensor/lib) by extension 'ros'
[0.288s] Level 1:colcon.colcon_core.package_identification:_identify(1_basics/ESP32/ultrasonic_sensor/lib) by extensions ['cmake', 'python']
[0.288s] Level 1:colcon.colcon_core.package_identification:_identify(1_basics/ESP32/ultrasonic_sensor/lib) by extension 'cmake'
[0.288s] Level 1:colcon.colcon_core.package_identification:_identify(1_basics/ESP32/ultrasonic_sensor/lib) by extension 'python'
[0.288s] Level 1:colcon.colcon_core.package_identification:_identify(1_basics/ESP32/ultrasonic_sensor/lib) by extensions ['python_setup_py']
[0.288s] Level 1:colcon.colcon_core.package_identification:_identify(1_basics/ESP32/ultrasonic_sensor/lib) by extension 'python_setup_py'
[0.288s] Level 1:colcon.colcon_core.package_identification:_identify(1_basics/ESP32/ultrasonic_sensor/src) by extensions ['ignore', 'ignore_ament_install']
[0.288s] Level 1:colcon.colcon_core.package_identification:_identify(1_basics/ESP32/ultrasonic_sensor/src) by extension 'ignore'
[0.288s] Level 1:colcon.colcon_core.package_identification:_identify(1_basics/ESP32/ultrasonic_sensor/src) by extension 'ignore_ament_install'
[0.288s] Level 1:colcon.colcon_core.package_identification:_identify(1_basics/ESP32/ultrasonic_sensor/src) by extensions ['colcon_pkg']
[0.288s] Level 1:colcon.colcon_core.package_identification:_identify(1_basics/ESP32/ultrasonic_sensor/src) by extension 'colcon_pkg'
[0.288s] Level 1:colcon.colcon_core.package_identification:_identify(1_basics/ESP32/ultrasonic_sensor/src) by extensions ['colcon_meta']
[0.288s] Level 1:colcon.colcon_core.package_identification:_identify(1_basics/ESP32/ultrasonic_sensor/src) by extension 'colcon_meta'
[0.288s] Level 1:colcon.colcon_core.package_identification:_identify(1_basics/ESP32/ultrasonic_sensor/src) by extensions ['ros']
[0.288s] Level 1:colcon.colcon_core.package_identification:_identify(1_basics/ESP32/ultrasonic_sensor/src) by extension 'ros'
[0.289s] Level 1:colcon.colcon_core.package_identification:_identify(1_basics/ESP32/ultrasonic_sensor/src) by extensions ['cmake', 'python']
[0.289s] Level 1:colcon.colcon_core.package_identification:_identify(1_basics/ESP32/ultrasonic_sensor/src) by extension 'cmake'
[0.289s] Level 1:colcon.colcon_core.package_identification:_identify(1_basics/ESP32/ultrasonic_sensor/src) by extension 'python'
[0.289s] Level 1:colcon.colcon_core.package_identification:_identify(1_basics/ESP32/ultrasonic_sensor/src) by extensions ['python_setup_py']
[0.289s] Level 1:colcon.colcon_core.package_identification:_identify(1_basics/ESP32/ultrasonic_sensor/src) by extension 'python_setup_py'
[0.289s] Level 1:colcon.colcon_core.package_identification:_identify(1_basics/ESP32/ultrasonic_sensor/test) by extensions ['ignore', 'ignore_ament_install']
[0.289s] Level 1:colcon.colcon_core.package_identification:_identify(1_basics/ESP32/ultrasonic_sensor/test) by extension 'ignore'
[0.289s] Level 1:colcon.colcon_core.package_identification:_identify(1_basics/ESP32/ultrasonic_sensor/test) by extension 'ignore_ament_install'
[0.289s] Level 1:colcon.colcon_core.package_identification:_identify(1_basics/ESP32/ultrasonic_sensor/test) by extensions ['colcon_pkg']
[0.289s] Level 1:colcon.colcon_core.package_identification:_identify(1_basics/ESP32/ultrasonic_sensor/test) by extension 'colcon_pkg'
[0.289s] Level 1:colcon.colcon_core.package_identification:_identify(1_basics/ESP32/ultrasonic_sensor/test) by extensions ['colcon_meta']
[0.289s] Level 1:colcon.colcon_core.package_identification:_identify(1_basics/ESP32/ultrasonic_sensor/test) by extension 'colcon_meta'
[0.289s] Level 1:colcon.colcon_core.package_identification:_identify(1_basics/ESP32/ultrasonic_sensor/test) by extensions ['ros']
[0.289s] Level 1:colcon.colcon_core.package_identification:_identify(1_basics/ESP32/ultrasonic_sensor/test) by extension 'ros'
[0.289s] Level 1:colcon.colcon_core.package_identification:_identify(1_basics/ESP32/ultrasonic_sensor/test) by extensions ['cmake', 'python']
[0.289s] Level 1:colcon.colcon_core.package_identification:_identify(1_basics/ESP32/ultrasonic_sensor/test) by extension 'cmake'
[0.289s] Level 1:colcon.colcon_core.package_identification:_identify(1_basics/ESP32/ultrasonic_sensor/test) by extension 'python'
[0.289s] Level 1:colcon.colcon_core.package_identification:_identify(1_basics/ESP32/ultrasonic_sensor/test) by extensions ['python_setup_py']
[0.289s] Level 1:colcon.colcon_core.package_identification:_identify(1_basics/ESP32/ultrasonic_sensor/test) by extension 'python_setup_py'
[0.289s] Level 1:colcon.colcon_core.package_identification:_identify(1_basics/node_demo) by extensions ['ignore', 'ignore_ament_install']
[0.289s] Level 1:colcon.colcon_core.package_identification:_identify(1_basics/node_demo) by extension 'ignore'
[0.289s] Level 1:colcon.colcon_core.package_identification:_identify(1_basics/node_demo) by extension 'ignore_ament_install'
[0.289s] Level 1:colcon.colcon_core.package_identification:_identify(1_basics/node_demo) by extensions ['colcon_pkg']
[0.289s] Level 1:colcon.colcon_core.package_identification:_identify(1_basics/node_demo) by extension 'colcon_pkg'
[0.289s] Level 1:colcon.colcon_core.package_identification:_identify(1_basics/node_demo) by extensions ['colcon_meta']
[0.289s] Level 1:colcon.colcon_core.package_identification:_identify(1_basics/node_demo) by extension 'colcon_meta'
[0.289s] Level 1:colcon.colcon_core.package_identification:_identify(1_basics/node_demo) by extensions ['ros']
[0.289s] Level 1:colcon.colcon_core.package_identification:_identify(1_basics/node_demo) by extension 'ros'
[0.290s] DEBUG:colcon.colcon_core.package_identification:Package '1_basics/node_demo' with type 'ros.ament_python' and name 'node_demo'
[0.290s] Level 1:colcon.colcon_core.package_identification:_identify(1_basics/range_sensor) by extensions ['ignore', 'ignore_ament_install']
[0.290s] Level 1:colcon.colcon_core.package_identification:_identify(1_basics/range_sensor) by extension 'ignore'
[0.290s] Level 1:colcon.colcon_core.package_identification:_identify(1_basics/range_sensor) by extension 'ignore_ament_install'
[0.290s] Level 1:colcon.colcon_core.package_identification:_identify(1_basics/range_sensor) by extensions ['colcon_pkg']
[0.290s] Level 1:colcon.colcon_core.package_identification:_identify(1_basics/range_sensor) by extension 'colcon_pkg'
[0.290s] Level 1:colcon.colcon_core.package_identification:_identify(1_basics/range_sensor) by extensions ['colcon_meta']
[0.290s] Level 1:colcon.colcon_core.package_identification:_identify(1_basics/range_sensor) by extension 'colcon_meta'
[0.290s] Level 1:colcon.colcon_core.package_identification:_identify(1_basics/range_sensor) by extensions ['ros']
[0.290s] Level 1:colcon.colcon_core.package_identification:_identify(1_basics/range_sensor) by extension 'ros'
[0.290s] DEBUG:colcon.colcon_core.package_identification:Package '1_basics/range_sensor' with type 'ros.ament_python' and name 'range_sensor'
[0.290s] Level 1:colcon.colcon_core.package_identification:_identify(1_basics/range_sensor_cpp) by extensions ['ignore', 'ignore_ament_install']
[0.291s] Level 1:colcon.colcon_core.package_identification:_identify(1_basics/range_sensor_cpp) by extension 'ignore'
[0.291s] Level 1:colcon.colcon_core.package_identification:_identify(1_basics/range_sensor_cpp) by extension 'ignore_ament_install'
[0.291s] Level 1:colcon.colcon_core.package_identification:_identify(1_basics/range_sensor_cpp) by extensions ['colcon_pkg']
[0.291s] Level 1:colcon.colcon_core.package_identification:_identify(1_basics/range_sensor_cpp) by extension 'colcon_pkg'
[0.291s] Level 1:colcon.colcon_core.package_identification:_identify(1_basics/range_sensor_cpp) by extensions ['colcon_meta']
[0.291s] Level 1:colcon.colcon_core.package_identification:_identify(1_basics/range_sensor_cpp) by extension 'colcon_meta'
[0.291s] Level 1:colcon.colcon_core.package_identification:_identify(1_basics/range_sensor_cpp) by extensions ['ros']
[0.291s] Level 1:colcon.colcon_core.package_identification:_identify(1_basics/range_sensor_cpp) by extension 'ros'
[0.291s] DEBUG:colcon.colcon_core.package_identification:Package '1_basics/range_sensor_cpp' with type 'ros.ament_cmake' and name 'range_sensor_cpp'
[0.291s] Level 1:colcon.colcon_core.package_identification:_identify(1_basics/scripts) by extensions ['ignore', 'ignore_ament_install']
[0.291s] Level 1:colcon.colcon_core.package_identification:_identify(1_basics/scripts) by extension 'ignore'
[0.291s] Level 1:colcon.colcon_core.package_identification:_identify(1_basics/scripts) by extension 'ignore_ament_install'
[0.291s] Level 1:colcon.colcon_core.package_identification:_identify(1_basics/scripts) by extensions ['colcon_pkg']
[0.291s] Level 1:colcon.colcon_core.package_identification:_identify(1_basics/scripts) by extension 'colcon_pkg'
[0.291s] Level 1:colcon.colcon_core.package_identification:_identify(1_basics/scripts) by extensions ['colcon_meta']
[0.291s] Level 1:colcon.colcon_core.package_identification:_identify(1_basics/scripts) by extension 'colcon_meta'
[0.292s] Level 1:colcon.colcon_core.package_identification:_identify(1_basics/scripts) by extensions ['ros']
[0.292s] Level 1:colcon.colcon_core.package_identification:_identify(1_basics/scripts) by extension 'ros'
[0.292s] Level 1:colcon.colcon_core.package_identification:_identify(1_basics/scripts) by extensions ['cmake', 'python']
[0.292s] Level 1:colcon.colcon_core.package_identification:_identify(1_basics/scripts) by extension 'cmake'
[0.292s] Level 1:colcon.colcon_core.package_identification:_identify(1_basics/scripts) by extension 'python'
[0.292s] Level 1:colcon.colcon_core.package_identification:_identify(1_basics/scripts) by extensions ['python_setup_py']
[0.292s] Level 1:colcon.colcon_core.package_identification:_identify(1_basics/scripts) by extension 'python_setup_py'
[0.292s] Level 1:colcon.colcon_core.package_identification:_identify(1_basics/template_interfaces) by extensions ['ignore', 'ignore_ament_install']
[0.292s] Level 1:colcon.colcon_core.package_identification:_identify(1_basics/template_interfaces) by extension 'ignore'
[0.292s] Level 1:colcon.colcon_core.package_identification:_identify(1_basics/template_interfaces) by extension 'ignore_ament_install'
[0.292s] Level 1:colcon.colcon_core.package_identification:_identify(1_basics/template_interfaces) by extensions ['colcon_pkg']
[0.292s] Level 1:colcon.colcon_core.package_identification:_identify(1_basics/template_interfaces) by extension 'colcon_pkg'
[0.292s] Level 1:colcon.colcon_core.package_identification:_identify(1_basics/template_interfaces) by extensions ['colcon_meta']
[0.292s] Level 1:colcon.colcon_core.package_identification:_identify(1_basics/template_interfaces) by extension 'colcon_meta'
[0.292s] Level 1:colcon.colcon_core.package_identification:_identify(1_basics/template_interfaces) by extensions ['ros']
[0.292s] Level 1:colcon.colcon_core.package_identification:_identify(1_basics/template_interfaces) by extension 'ros'
[0.292s] DEBUG:colcon.colcon_core.package_identification:Package '1_basics/template_interfaces' with type 'ros.ament_cmake' and name 'template_interfaces'
[0.292s] Level 1:colcon.colcon_core.package_identification:_identify(1_basics/template_package_cpp) by extensions ['ignore', 'ignore_ament_install']
[0.292s] Level 1:colcon.colcon_core.package_identification:_identify(1_basics/template_package_cpp) by extension 'ignore'
[0.292s] Level 1:colcon.colcon_core.package_identification:_identify(1_basics/template_package_cpp) by extension 'ignore_ament_install'
[0.292s] Level 1:colcon.colcon_core.package_identification:_identify(1_basics/template_package_cpp) by extensions ['colcon_pkg']
[0.292s] Level 1:colcon.colcon_core.package_identification:_identify(1_basics/template_package_cpp) by extension 'colcon_pkg'
[0.293s] Level 1:colcon.colcon_core.package_identification:_identify(1_basics/template_package_cpp) by extensions ['colcon_meta']
[0.293s] Level 1:colcon.colcon_core.package_identification:_identify(1_basics/template_package_cpp) by extension 'colcon_meta'
[0.293s] Level 1:colcon.colcon_core.package_identification:_identify(1_basics/template_package_cpp) by extensions ['ros']
[0.293s] Level 1:colcon.colcon_core.package_identification:_identify(1_basics/template_package_cpp) by extension 'ros'
[0.293s] Level 1:colcon.colcon_core.package_identification:_identify(1_basics/template_package_cpp) by extensions ['cmake', 'python']
[0.293s] Level 1:colcon.colcon_core.package_identification:_identify(1_basics/template_package_cpp) by extension 'cmake'
[0.293s] Level 1:colcon.colcon_core.package_identification:_identify(1_basics/template_package_cpp) by extension 'python'
[0.293s] Level 1:colcon.colcon_core.package_identification:_identify(1_basics/template_package_cpp) by extensions ['python_setup_py']
[0.293s] Level 1:colcon.colcon_core.package_identification:_identify(1_basics/template_package_cpp) by extension 'python_setup_py'
[0.293s] Level 1:colcon.colcon_core.package_identification:_identify(1_basics/template_package_cpp/launch) by extensions ['ignore', 'ignore_ament_install']
[0.293s] Level 1:colcon.colcon_core.package_identification:_identify(1_basics/template_package_cpp/launch) by extension 'ignore'
[0.293s] Level 1:colcon.colcon_core.package_identification:_identify(1_basics/template_package_cpp/launch) by extension 'ignore_ament_install'
[0.293s] Level 1:colcon.colcon_core.package_identification:_identify(1_basics/template_package_cpp/launch) by extensions ['colcon_pkg']
[0.293s] Level 1:colcon.colcon_core.package_identification:_identify(1_basics/template_package_cpp/launch) by extension 'colcon_pkg'
[0.293s] Level 1:colcon.colcon_core.package_identification:_identify(1_basics/template_package_cpp/launch) by extensions ['colcon_meta']
[0.293s] Level 1:colcon.colcon_core.package_identification:_identify(1_basics/template_package_cpp/launch) by extension 'colcon_meta'
[0.293s] Level 1:colcon.colcon_core.package_identification:_identify(1_basics/template_package_cpp/launch) by extensions ['ros']
[0.293s] Level 1:colcon.colcon_core.package_identification:_identify(1_basics/template_package_cpp/launch) by extension 'ros'
[0.293s] Level 1:colcon.colcon_core.package_identification:_identify(1_basics/template_package_cpp/launch) by extensions ['cmake', 'python']
[0.293s] Level 1:colcon.colcon_core.package_identification:_identify(1_basics/template_package_cpp/launch) by extension 'cmake'
[0.293s] Level 1:colcon.colcon_core.package_identification:_identify(1_basics/template_package_cpp/launch) by extension 'python'
[0.293s] Level 1:colcon.colcon_core.package_identification:_identify(1_basics/template_package_cpp/launch) by extensions ['python_setup_py']
[0.293s] Level 1:colcon.colcon_core.package_identification:_identify(1_basics/template_package_cpp/launch) by extension 'python_setup_py'
[0.293s] Level 1:colcon.colcon_core.package_identification:_identify(1_basics/template_package_cpp/src) by extensions ['ignore', 'ignore_ament_install']
[0.293s] Level 1:colcon.colcon_core.package_identification:_identify(1_basics/template_package_cpp/src) by extension 'ignore'
[0.293s] Level 1:colcon.colcon_core.package_identification:_identify(1_basics/template_package_cpp/src) by extension 'ignore_ament_install'
[0.293s] Level 1:colcon.colcon_core.package_identification:_identify(1_basics/template_package_cpp/src) by extensions ['colcon_pkg']
[0.293s] Level 1:colcon.colcon_core.package_identification:_identify(1_basics/template_package_cpp/src) by extension 'colcon_pkg'
[0.293s] Level 1:colcon.colcon_core.package_identification:_identify(1_basics/template_package_cpp/src) by extensions ['colcon_meta']
[0.293s] Level 1:colcon.colcon_core.package_identification:_identify(1_basics/template_package_cpp/src) by extension 'colcon_meta'
[0.293s] Level 1:colcon.colcon_core.package_identification:_identify(1_basics/template_package_cpp/src) by extensions ['ros']
[0.293s] Level 1:colcon.colcon_core.package_identification:_identify(1_basics/template_package_cpp/src) by extension 'ros'
[0.293s] Level 1:colcon.colcon_core.package_identification:_identify(1_basics/template_package_cpp/src) by extensions ['cmake', 'python']
[0.293s] Level 1:colcon.colcon_core.package_identification:_identify(1_basics/template_package_cpp/src) by extension 'cmake'
[0.294s] Level 1:colcon.colcon_core.package_identification:_identify(1_basics/template_package_cpp/src) by extension 'python'
[0.294s] Level 1:colcon.colcon_core.package_identification:_identify(1_basics/template_package_cpp/src) by extensions ['python_setup_py']
[0.294s] Level 1:colcon.colcon_core.package_identification:_identify(1_basics/template_package_cpp/src) by extension 'python_setup_py'
[0.294s] Level 1:colcon.colcon_core.package_identification:_identify(1_basics/template_package_python) by extensions ['ignore', 'ignore_ament_install']
[0.294s] Level 1:colcon.colcon_core.package_identification:_identify(1_basics/template_package_python) by extension 'ignore'
[0.294s] Level 1:colcon.colcon_core.package_identification:_identify(1_basics/template_package_python) by extension 'ignore_ament_install'
[0.294s] Level 1:colcon.colcon_core.package_identification:_identify(1_basics/template_package_python) by extensions ['colcon_pkg']
[0.294s] Level 1:colcon.colcon_core.package_identification:_identify(1_basics/template_package_python) by extension 'colcon_pkg'
[0.294s] Level 1:colcon.colcon_core.package_identification:_identify(1_basics/template_package_python) by extensions ['colcon_meta']
[0.294s] Level 1:colcon.colcon_core.package_identification:_identify(1_basics/template_package_python) by extension 'colcon_meta'
[0.294s] Level 1:colcon.colcon_core.package_identification:_identify(1_basics/template_package_python) by extensions ['ros']
[0.294s] Level 1:colcon.colcon_core.package_identification:_identify(1_basics/template_package_python) by extension 'ros'
[0.294s] DEBUG:colcon.colcon_core.package_identification:Package '1_basics/template_package_python' with type 'ros.ament_python' and name 'template_package_python'
[0.294s] Level 1:colcon.colcon_core.package_identification:_identify(2_urdf) by extensions ['ignore', 'ignore_ament_install']
[0.294s] Level 1:colcon.colcon_core.package_identification:_identify(2_urdf) by extension 'ignore'
[0.294s] Level 1:colcon.colcon_core.package_identification:_identify(2_urdf) by extension 'ignore_ament_install'
[0.294s] Level 1:colcon.colcon_core.package_identification:_identify(2_urdf) by extensions ['colcon_pkg']
[0.294s] Level 1:colcon.colcon_core.package_identification:_identify(2_urdf) by extension 'colcon_pkg'
[0.295s] Level 1:colcon.colcon_core.package_identification:_identify(2_urdf) by extensions ['colcon_meta']
[0.295s] Level 1:colcon.colcon_core.package_identification:_identify(2_urdf) by extension 'colcon_meta'
[0.295s] Level 1:colcon.colcon_core.package_identification:_identify(2_urdf) by extensions ['ros']
[0.295s] Level 1:colcon.colcon_core.package_identification:_identify(2_urdf) by extension 'ros'
[0.295s] Level 1:colcon.colcon_core.package_identification:_identify(2_urdf) by extensions ['cmake', 'python']
[0.295s] Level 1:colcon.colcon_core.package_identification:_identify(2_urdf) by extension 'cmake'
[0.295s] Level 1:colcon.colcon_core.package_identification:_identify(2_urdf) by extension 'python'
[0.295s] Level 1:colcon.colcon_core.package_identification:_identify(2_urdf) by extensions ['python_setup_py']
[0.295s] Level 1:colcon.colcon_core.package_identification:_identify(2_urdf) by extension 'python_setup_py'
[0.295s] Level 1:colcon.colcon_core.package_identification:_identify(2_urdf/fanuc_robots) by extensions ['ignore', 'ignore_ament_install']
[0.295s] Level 1:colcon.colcon_core.package_identification:_identify(2_urdf/fanuc_robots) by extension 'ignore'
[0.295s] Level 1:colcon.colcon_core.package_identification:_identify(2_urdf/fanuc_robots) by extension 'ignore_ament_install'
[0.295s] Level 1:colcon.colcon_core.package_identification:_identify(2_urdf/fanuc_robots) by extensions ['colcon_pkg']
[0.295s] Level 1:colcon.colcon_core.package_identification:_identify(2_urdf/fanuc_robots) by extension 'colcon_pkg'
[0.295s] Level 1:colcon.colcon_core.package_identification:_identify(2_urdf/fanuc_robots) by extensions ['colcon_meta']
[0.295s] Level 1:colcon.colcon_core.package_identification:_identify(2_urdf/fanuc_robots) by extension 'colcon_meta'
[0.295s] Level 1:colcon.colcon_core.package_identification:_identify(2_urdf/fanuc_robots) by extensions ['ros']
[0.295s] Level 1:colcon.colcon_core.package_identification:_identify(2_urdf/fanuc_robots) by extension 'ros'
[0.295s] DEBUG:colcon.colcon_core.package_identification:Package '2_urdf/fanuc_robots' with type 'ros.ament_python' and name 'fanuc_robots'
[0.295s] Level 1:colcon.colcon_core.package_identification:_identify(2_urdf/urdf_basics) by extensions ['ignore', 'ignore_ament_install']
[0.295s] Level 1:colcon.colcon_core.package_identification:_identify(2_urdf/urdf_basics) by extension 'ignore'
[0.295s] Level 1:colcon.colcon_core.package_identification:_identify(2_urdf/urdf_basics) by extension 'ignore_ament_install'
[0.295s] Level 1:colcon.colcon_core.package_identification:_identify(2_urdf/urdf_basics) by extensions ['colcon_pkg']
[0.295s] Level 1:colcon.colcon_core.package_identification:_identify(2_urdf/urdf_basics) by extension 'colcon_pkg'
[0.295s] Level 1:colcon.colcon_core.package_identification:_identify(2_urdf/urdf_basics) by extensions ['colcon_meta']
[0.295s] Level 1:colcon.colcon_core.package_identification:_identify(2_urdf/urdf_basics) by extension 'colcon_meta'
[0.296s] Level 1:colcon.colcon_core.package_identification:_identify(2_urdf/urdf_basics) by extensions ['ros']
[0.296s] Level 1:colcon.colcon_core.package_identification:_identify(2_urdf/urdf_basics) by extension 'ros'
[0.296s] DEBUG:colcon.colcon_core.package_identification:Package '2_urdf/urdf_basics' with type 'ros.ament_python' and name 'urdf_basics'
[0.296s] Level 1:colcon.colcon_core.package_identification:_identify(3_navigation) by extensions ['ignore', 'ignore_ament_install']
[0.296s] Level 1:colcon.colcon_core.package_identification:_identify(3_navigation) by extension 'ignore'
[0.296s] Level 1:colcon.colcon_core.package_identification:_identify(3_navigation) by extension 'ignore_ament_install'
[0.296s] Level 1:colcon.colcon_core.package_identification:_identify(3_navigation) by extensions ['colcon_pkg']
[0.296s] Level 1:colcon.colcon_core.package_identification:_identify(3_navigation) by extension 'colcon_pkg'
[0.296s] Level 1:colcon.colcon_core.package_identification:_identify(3_navigation) by extensions ['colcon_meta']
[0.296s] Level 1:colcon.colcon_core.package_identification:_identify(3_navigation) by extension 'colcon_meta'
[0.296s] Level 1:colcon.colcon_core.package_identification:_identify(3_navigation) by extensions ['ros']
[0.296s] Level 1:colcon.colcon_core.package_identification:_identify(3_navigation) by extension 'ros'
[0.296s] Level 1:colcon.colcon_core.package_identification:_identify(3_navigation) by extensions ['cmake', 'python']
[0.296s] Level 1:colcon.colcon_core.package_identification:_identify(3_navigation) by extension 'cmake'
[0.296s] Level 1:colcon.colcon_core.package_identification:_identify(3_navigation) by extension 'python'
[0.296s] Level 1:colcon.colcon_core.package_identification:_identify(3_navigation) by extensions ['python_setup_py']
[0.296s] Level 1:colcon.colcon_core.package_identification:_identify(3_navigation) by extension 'python_setup_py'
[0.296s] Level 1:colcon.colcon_core.package_identification:_identify(3_navigation/ESP32) by extensions ['ignore', 'ignore_ament_install']
[0.296s] Level 1:colcon.colcon_core.package_identification:_identify(3_navigation/ESP32) by extension 'ignore'
[0.296s] Level 1:colcon.colcon_core.package_identification:_identify(3_navigation/ESP32) by extension 'ignore_ament_install'
[0.296s] Level 1:colcon.colcon_core.package_identification:_identify(3_navigation/ESP32) by extensions ['colcon_pkg']
[0.296s] Level 1:colcon.colcon_core.package_identification:_identify(3_navigation/ESP32) by extension 'colcon_pkg'
[0.296s] Level 1:colcon.colcon_core.package_identification:_identify(3_navigation/ESP32) by extensions ['colcon_meta']
[0.296s] Level 1:colcon.colcon_core.package_identification:_identify(3_navigation/ESP32) by extension 'colcon_meta'
[0.296s] Level 1:colcon.colcon_core.package_identification:_identify(3_navigation/ESP32) by extensions ['ros']
[0.296s] Level 1:colcon.colcon_core.package_identification:_identify(3_navigation/ESP32) by extension 'ros'
[0.296s] Level 1:colcon.colcon_core.package_identification:_identify(3_navigation/ESP32) by extensions ['cmake', 'python']
[0.297s] Level 1:colcon.colcon_core.package_identification:_identify(3_navigation/ESP32) by extension 'cmake'
[0.297s] Level 1:colcon.colcon_core.package_identification:_identify(3_navigation/ESP32) by extension 'python'
[0.297s] Level 1:colcon.colcon_core.package_identification:_identify(3_navigation/ESP32) by extensions ['python_setup_py']
[0.297s] Level 1:colcon.colcon_core.package_identification:_identify(3_navigation/ESP32) by extension 'python_setup_py'
[0.297s] Level 1:colcon.colcon_core.package_identification:_identify(3_navigation/ESP32/install) by extensions ['ignore', 'ignore_ament_install']
[0.297s] Level 1:colcon.colcon_core.package_identification:_identify(3_navigation/ESP32/install) by extension 'ignore'
[0.297s] Level 1:colcon.colcon_core.package_identification:_identify(3_navigation/ESP32/install) by extension 'ignore_ament_install'
[0.297s] Level 1:colcon.colcon_core.package_identification:_identify(3_navigation/ESP32/install) by extensions ['colcon_pkg']
[0.297s] Level 1:colcon.colcon_core.package_identification:_identify(3_navigation/ESP32/install) by extension 'colcon_pkg'
[0.297s] Level 1:colcon.colcon_core.package_identification:_identify(3_navigation/ESP32/install) by extensions ['colcon_meta']
[0.297s] Level 1:colcon.colcon_core.package_identification:_identify(3_navigation/ESP32/install) by extension 'colcon_meta'
[0.297s] Level 1:colcon.colcon_core.package_identification:_identify(3_navigation/ESP32/install) by extensions ['ros']
[0.297s] Level 1:colcon.colcon_core.package_identification:_identify(3_navigation/ESP32/install) by extension 'ros'
[0.297s] Level 1:colcon.colcon_core.package_identification:_identify(3_navigation/ESP32/install) by extensions ['cmake', 'python']
[0.297s] Level 1:colcon.colcon_core.package_identification:_identify(3_navigation/ESP32/install) by extension 'cmake'
[0.297s] Level 1:colcon.colcon_core.package_identification:_identify(3_navigation/ESP32/install) by extension 'python'
[0.297s] Level 1:colcon.colcon_core.package_identification:_identify(3_navigation/ESP32/install) by extensions ['python_setup_py']
[0.297s] Level 1:colcon.colcon_core.package_identification:_identify(3_navigation/ESP32/install) by extension 'python_setup_py'
[0.297s] Level 1:colcon.colcon_core.package_identification:_identify(3_navigation/ESP32/joystick) by extensions ['ignore', 'ignore_ament_install']
[0.297s] Level 1:colcon.colcon_core.package_identification:_identify(3_navigation/ESP32/joystick) by extension 'ignore'
[0.297s] Level 1:colcon.colcon_core.package_identification:_identify(3_navigation/ESP32/joystick) by extension 'ignore_ament_install'
[0.297s] Level 1:colcon.colcon_core.package_identification:_identify(3_navigation/ESP32/joystick) by extensions ['colcon_pkg']
[0.297s] Level 1:colcon.colcon_core.package_identification:_identify(3_navigation/ESP32/joystick) by extension 'colcon_pkg'
[0.297s] Level 1:colcon.colcon_core.package_identification:_identify(3_navigation/ESP32/joystick) by extensions ['colcon_meta']
[0.297s] Level 1:colcon.colcon_core.package_identification:_identify(3_navigation/ESP32/joystick) by extension 'colcon_meta'
[0.297s] Level 1:colcon.colcon_core.package_identification:_identify(3_navigation/ESP32/joystick) by extensions ['ros']
[0.297s] Level 1:colcon.colcon_core.package_identification:_identify(3_navigation/ESP32/joystick) by extension 'ros'
[0.297s] Level 1:colcon.colcon_core.package_identification:_identify(3_navigation/ESP32/joystick) by extensions ['cmake', 'python']
[0.297s] Level 1:colcon.colcon_core.package_identification:_identify(3_navigation/ESP32/joystick) by extension 'cmake'
[0.297s] Level 1:colcon.colcon_core.package_identification:_identify(3_navigation/ESP32/joystick) by extension 'python'
[0.297s] Level 1:colcon.colcon_core.package_identification:_identify(3_navigation/ESP32/joystick) by extensions ['python_setup_py']
[0.297s] Level 1:colcon.colcon_core.package_identification:_identify(3_navigation/ESP32/joystick) by extension 'python_setup_py'
[0.297s] Level 1:colcon.colcon_core.package_identification:_identify(3_navigation/ESP32/joystick/include) by extensions ['ignore', 'ignore_ament_install']
[0.297s] Level 1:colcon.colcon_core.package_identification:_identify(3_navigation/ESP32/joystick/include) by extension 'ignore'
[0.298s] Level 1:colcon.colcon_core.package_identification:_identify(3_navigation/ESP32/joystick/include) by extension 'ignore_ament_install'
[0.298s] Level 1:colcon.colcon_core.package_identification:_identify(3_navigation/ESP32/joystick/include) by extensions ['colcon_pkg']
[0.298s] Level 1:colcon.colcon_core.package_identification:_identify(3_navigation/ESP32/joystick/include) by extension 'colcon_pkg'
[0.298s] Level 1:colcon.colcon_core.package_identification:_identify(3_navigation/ESP32/joystick/include) by extensions ['colcon_meta']
[0.298s] Level 1:colcon.colcon_core.package_identification:_identify(3_navigation/ESP32/joystick/include) by extension 'colcon_meta'
[0.298s] Level 1:colcon.colcon_core.package_identification:_identify(3_navigation/ESP32/joystick/include) by extensions ['ros']
[0.298s] Level 1:colcon.colcon_core.package_identification:_identify(3_navigation/ESP32/joystick/include) by extension 'ros'
[0.298s] Level 1:colcon.colcon_core.package_identification:_identify(3_navigation/ESP32/joystick/include) by extensions ['cmake', 'python']
[0.298s] Level 1:colcon.colcon_core.package_identification:_identify(3_navigation/ESP32/joystick/include) by extension 'cmake'
[0.298s] Level 1:colcon.colcon_core.package_identification:_identify(3_navigation/ESP32/joystick/include) by extension 'python'
[0.298s] Level 1:colcon.colcon_core.package_identification:_identify(3_navigation/ESP32/joystick/include) by extensions ['python_setup_py']
[0.298s] Level 1:colcon.colcon_core.package_identification:_identify(3_navigation/ESP32/joystick/include) by extension 'python_setup_py'
[0.298s] Level 1:colcon.colcon_core.package_identification:_identify(3_navigation/ESP32/joystick/lib) by extensions ['ignore', 'ignore_ament_install']
[0.298s] Level 1:colcon.colcon_core.package_identification:_identify(3_navigation/ESP32/joystick/lib) by extension 'ignore'
[0.298s] Level 1:colcon.colcon_core.package_identification:_identify(3_navigation/ESP32/joystick/lib) by extension 'ignore_ament_install'
[0.298s] Level 1:colcon.colcon_core.package_identification:_identify(3_navigation/ESP32/joystick/lib) by extensions ['colcon_pkg']
[0.298s] Level 1:colcon.colcon_core.package_identification:_identify(3_navigation/ESP32/joystick/lib) by extension 'colcon_pkg'
[0.298s] Level 1:colcon.colcon_core.package_identification:_identify(3_navigation/ESP32/joystick/lib) by extensions ['colcon_meta']
[0.298s] Level 1:colcon.colcon_core.package_identification:_identify(3_navigation/ESP32/joystick/lib) by extension 'colcon_meta'
[0.298s] Level 1:colcon.colcon_core.package_identification:_identify(3_navigation/ESP32/joystick/lib) by extensions ['ros']
[0.298s] Level 1:colcon.colcon_core.package_identification:_identify(3_navigation/ESP32/joystick/lib) by extension 'ros'
[0.298s] Level 1:colcon.colcon_core.package_identification:_identify(3_navigation/ESP32/joystick/lib) by extensions ['cmake', 'python']
[0.298s] Level 1:colcon.colcon_core.package_identification:_identify(3_navigation/ESP32/joystick/lib) by extension 'cmake'
[0.298s] Level 1:colcon.colcon_core.package_identification:_identify(3_navigation/ESP32/joystick/lib) by extension 'python'
[0.298s] Level 1:colcon.colcon_core.package_identification:_identify(3_navigation/ESP32/joystick/lib) by extensions ['python_setup_py']
[0.298s] Level 1:colcon.colcon_core.package_identification:_identify(3_navigation/ESP32/joystick/lib) by extension 'python_setup_py'
[0.298s] Level 1:colcon.colcon_core.package_identification:_identify(3_navigation/ESP32/joystick/src) by extensions ['ignore', 'ignore_ament_install']
[0.298s] Level 1:colcon.colcon_core.package_identification:_identify(3_navigation/ESP32/joystick/src) by extension 'ignore'
[0.298s] Level 1:colcon.colcon_core.package_identification:_identify(3_navigation/ESP32/joystick/src) by extension 'ignore_ament_install'
[0.298s] Level 1:colcon.colcon_core.package_identification:_identify(3_navigation/ESP32/joystick/src) by extensions ['colcon_pkg']
[0.298s] Level 1:colcon.colcon_core.package_identification:_identify(3_navigation/ESP32/joystick/src) by extension 'colcon_pkg'
[0.298s] Level 1:colcon.colcon_core.package_identification:_identify(3_navigation/ESP32/joystick/src) by extensions ['colcon_meta']
[0.298s] Level 1:colcon.colcon_core.package_identification:_identify(3_navigation/ESP32/joystick/src) by extension 'colcon_meta'
[0.298s] Level 1:colcon.colcon_core.package_identification:_identify(3_navigation/ESP32/joystick/src) by extensions ['ros']
[0.298s] Level 1:colcon.colcon_core.package_identification:_identify(3_navigation/ESP32/joystick/src) by extension 'ros'
[0.299s] Level 1:colcon.colcon_core.package_identification:_identify(3_navigation/ESP32/joystick/src) by extensions ['cmake', 'python']
[0.299s] Level 1:colcon.colcon_core.package_identification:_identify(3_navigation/ESP32/joystick/src) by extension 'cmake'
[0.299s] Level 1:colcon.colcon_core.package_identification:_identify(3_navigation/ESP32/joystick/src) by extension 'python'
[0.299s] Level 1:colcon.colcon_core.package_identification:_identify(3_navigation/ESP32/joystick/src) by extensions ['python_setup_py']
[0.299s] Level 1:colcon.colcon_core.package_identification:_identify(3_navigation/ESP32/joystick/src) by extension 'python_setup_py'
[0.299s] Level 1:colcon.colcon_core.package_identification:_identify(3_navigation/ESP32/joystick/test) by extensions ['ignore', 'ignore_ament_install']
[0.299s] Level 1:colcon.colcon_core.package_identification:_identify(3_navigation/ESP32/joystick/test) by extension 'ignore'
[0.299s] Level 1:colcon.colcon_core.package_identification:_identify(3_navigation/ESP32/joystick/test) by extension 'ignore_ament_install'
[0.299s] Level 1:colcon.colcon_core.package_identification:_identify(3_navigation/ESP32/joystick/test) by extensions ['colcon_pkg']
[0.299s] Level 1:colcon.colcon_core.package_identification:_identify(3_navigation/ESP32/joystick/test) by extension 'colcon_pkg'
[0.299s] Level 1:colcon.colcon_core.package_identification:_identify(3_navigation/ESP32/joystick/test) by extensions ['colcon_meta']
[0.299s] Level 1:colcon.colcon_core.package_identification:_identify(3_navigation/ESP32/joystick/test) by extension 'colcon_meta'
[0.299s] Level 1:colcon.colcon_core.package_identification:_identify(3_navigation/ESP32/joystick/test) by extensions ['ros']
[0.299s] Level 1:colcon.colcon_core.package_identification:_identify(3_navigation/ESP32/joystick/test) by extension 'ros'
[0.299s] Level 1:colcon.colcon_core.package_identification:_identify(3_navigation/ESP32/joystick/test) by extensions ['cmake', 'python']
[0.299s] Level 1:colcon.colcon_core.package_identification:_identify(3_navigation/ESP32/joystick/test) by extension 'cmake'
[0.299s] Level 1:colcon.colcon_core.package_identification:_identify(3_navigation/ESP32/joystick/test) by extension 'python'
[0.299s] Level 1:colcon.colcon_core.package_identification:_identify(3_navigation/ESP32/joystick/test) by extensions ['python_setup_py']
[0.299s] Level 1:colcon.colcon_core.package_identification:_identify(3_navigation/ESP32/joystick/test) by extension 'python_setup_py'
[0.299s] Level 1:colcon.colcon_core.package_identification:_identify(3_navigation/navigation) by extensions ['ignore', 'ignore_ament_install']
[0.299s] Level 1:colcon.colcon_core.package_identification:_identify(3_navigation/navigation) by extension 'ignore'
[0.299s] Level 1:colcon.colcon_core.package_identification:_identify(3_navigation/navigation) by extension 'ignore_ament_install'
[0.299s] Level 1:colcon.colcon_core.package_identification:_identify(3_navigation/navigation) by extensions ['colcon_pkg']
[0.299s] Level 1:colcon.colcon_core.package_identification:_identify(3_navigation/navigation) by extension 'colcon_pkg'
[0.299s] Level 1:colcon.colcon_core.package_identification:_identify(3_navigation/navigation) by extensions ['colcon_meta']
[0.299s] Level 1:colcon.colcon_core.package_identification:_identify(3_navigation/navigation) by extension 'colcon_meta'
[0.299s] Level 1:colcon.colcon_core.package_identification:_identify(3_navigation/navigation) by extensions ['ros']
[0.299s] Level 1:colcon.colcon_core.package_identification:_identify(3_navigation/navigation) by extension 'ros'
[0.300s] DEBUG:colcon.colcon_core.package_identification:Package '3_navigation/navigation' with type 'ros.ament_python' and name 'navigation'
[0.300s] Level 1:colcon.colcon_core.package_identification:_identify(3_navigation/patch_turtlebot4_simulation) by extensions ['ignore', 'ignore_ament_install']
[0.300s] Level 1:colcon.colcon_core.package_identification:_identify(3_navigation/patch_turtlebot4_simulation) by extension 'ignore'
[0.300s] Level 1:colcon.colcon_core.package_identification:_identify(3_navigation/patch_turtlebot4_simulation) by extension 'ignore_ament_install'
[0.300s] Level 1:colcon.colcon_core.package_identification:_identify(3_navigation/patch_turtlebot4_simulation) by extensions ['colcon_pkg']
[0.300s] Level 1:colcon.colcon_core.package_identification:_identify(3_navigation/patch_turtlebot4_simulation) by extension 'colcon_pkg'
[0.300s] Level 1:colcon.colcon_core.package_identification:_identify(3_navigation/patch_turtlebot4_simulation) by extensions ['colcon_meta']
[0.300s] Level 1:colcon.colcon_core.package_identification:_identify(3_navigation/patch_turtlebot4_simulation) by extension 'colcon_meta'
[0.300s] Level 1:colcon.colcon_core.package_identification:_identify(3_navigation/patch_turtlebot4_simulation) by extensions ['ros']
[0.300s] Level 1:colcon.colcon_core.package_identification:_identify(3_navigation/patch_turtlebot4_simulation) by extension 'ros'
[0.300s] Level 1:colcon.colcon_core.package_identification:_identify(3_navigation/patch_turtlebot4_simulation) by extensions ['cmake', 'python']
[0.300s] Level 1:colcon.colcon_core.package_identification:_identify(3_navigation/patch_turtlebot4_simulation) by extension 'cmake'
[0.300s] Level 1:colcon.colcon_core.package_identification:_identify(3_navigation/patch_turtlebot4_simulation) by extension 'python'
[0.300s] Level 1:colcon.colcon_core.package_identification:_identify(3_navigation/patch_turtlebot4_simulation) by extensions ['python_setup_py']
[0.300s] Level 1:colcon.colcon_core.package_identification:_identify(3_navigation/patch_turtlebot4_simulation) by extension 'python_setup_py'
[0.300s] Level 1:colcon.colcon_core.package_identification:_identify(4_manipulation) by extensions ['ignore', 'ignore_ament_install']
[0.300s] Level 1:colcon.colcon_core.package_identification:_identify(4_manipulation) by extension 'ignore'
[0.300s] Level 1:colcon.colcon_core.package_identification:_identify(4_manipulation) by extension 'ignore_ament_install'
[0.300s] Level 1:colcon.colcon_core.package_identification:_identify(4_manipulation) by extensions ['colcon_pkg']
[0.300s] Level 1:colcon.colcon_core.package_identification:_identify(4_manipulation) by extension 'colcon_pkg'
[0.300s] Level 1:colcon.colcon_core.package_identification:_identify(4_manipulation) by extensions ['colcon_meta']
[0.300s] Level 1:colcon.colcon_core.package_identification:_identify(4_manipulation) by extension 'colcon_meta'
[0.300s] Level 1:colcon.colcon_core.package_identification:_identify(4_manipulation) by extensions ['ros']
[0.300s] Level 1:colcon.colcon_core.package_identification:_identify(4_manipulation) by extension 'ros'
[0.300s] Level 1:colcon.colcon_core.package_identification:_identify(4_manipulation) by extensions ['cmake', 'python']
[0.300s] Level 1:colcon.colcon_core.package_identification:_identify(4_manipulation) by extension 'cmake'
[0.300s] Level 1:colcon.colcon_core.package_identification:_identify(4_manipulation) by extension 'python'
[0.300s] Level 1:colcon.colcon_core.package_identification:_identify(4_manipulation) by extensions ['python_setup_py']
[0.300s] Level 1:colcon.colcon_core.package_identification:_identify(4_manipulation) by extension 'python_setup_py'
[0.300s] Level 1:colcon.colcon_core.package_identification:_identify(4_manipulation/manipulation) by extensions ['ignore', 'ignore_ament_install']
[0.301s] Level 1:colcon.colcon_core.package_identification:_identify(4_manipulation/manipulation) by extension 'ignore'
[0.301s] Level 1:colcon.colcon_core.package_identification:_identify(4_manipulation/manipulation) by extension 'ignore_ament_install'
[0.301s] Level 1:colcon.colcon_core.package_identification:_identify(4_manipulation/manipulation) by extensions ['colcon_pkg']
[0.301s] Level 1:colcon.colcon_core.package_identification:_identify(4_manipulation/manipulation) by extension 'colcon_pkg'
[0.301s] Level 1:colcon.colcon_core.package_identification:_identify(4_manipulation/manipulation) by extensions ['colcon_meta']
[0.301s] Level 1:colcon.colcon_core.package_identification:_identify(4_manipulation/manipulation) by extension 'colcon_meta'
[0.301s] Level 1:colcon.colcon_core.package_identification:_identify(4_manipulation/manipulation) by extensions ['ros']
[0.301s] Level 1:colcon.colcon_core.package_identification:_identify(4_manipulation/manipulation) by extension 'ros'
[0.301s] DEBUG:colcon.colcon_core.package_identification:Package '4_manipulation/manipulation' with type 'ros.ament_python' and name 'manipulation'
[0.301s] Level 1:colcon.colcon_core.package_identification:_identify(4_manipulation/manipulation_moveit_config) by extensions ['ignore', 'ignore_ament_install']
[0.301s] Level 1:colcon.colcon_core.package_identification:_identify(4_manipulation/manipulation_moveit_config) by extension 'ignore'
[0.301s] Level 1:colcon.colcon_core.package_identification:_identify(4_manipulation/manipulation_moveit_config) by extension 'ignore_ament_install'
[0.301s] Level 1:colcon.colcon_core.package_identification:_identify(4_manipulation/manipulation_moveit_config) by extensions ['colcon_pkg']
[0.301s] Level 1:colcon.colcon_core.package_identification:_identify(4_manipulation/manipulation_moveit_config) by extension 'colcon_pkg'
[0.301s] Level 1:colcon.colcon_core.package_identification:_identify(4_manipulation/manipulation_moveit_config) by extensions ['colcon_meta']
[0.301s] Level 1:colcon.colcon_core.package_identification:_identify(4_manipulation/manipulation_moveit_config) by extension 'colcon_meta'
[0.301s] Level 1:colcon.colcon_core.package_identification:_identify(4_manipulation/manipulation_moveit_config) by extensions ['ros']
[0.301s] Level 1:colcon.colcon_core.package_identification:_identify(4_manipulation/manipulation_moveit_config) by extension 'ros'
[0.302s] DEBUG:colcon.colcon_core.package_identification:Package '4_manipulation/manipulation_moveit_config' with type 'ros.ament_cmake' and name 'manipulation_moveit_config'
[0.302s] Level 1:colcon.colcon_core.package_identification:_identify(5_transferframes) by extensions ['ignore', 'ignore_ament_install']
[0.302s] Level 1:colcon.colcon_core.package_identification:_identify(5_transferframes) by extension 'ignore'
[0.302s] Level 1:colcon.colcon_core.package_identification:_identify(5_transferframes) by extension 'ignore_ament_install'
[0.302s] Level 1:colcon.colcon_core.package_identification:_identify(5_transferframes) by extensions ['colcon_pkg']
[0.302s] Level 1:colcon.colcon_core.package_identification:_identify(5_transferframes) by extension 'colcon_pkg'
[0.302s] Level 1:colcon.colcon_core.package_identification:_identify(5_transferframes) by extensions ['colcon_meta']
[0.302s] Level 1:colcon.colcon_core.package_identification:_identify(5_transferframes) by extension 'colcon_meta'
[0.302s] Level 1:colcon.colcon_core.package_identification:_identify(5_transferframes) by extensions ['ros']
[0.302s] Level 1:colcon.colcon_core.package_identification:_identify(5_transferframes) by extension 'ros'
[0.302s] Level 1:colcon.colcon_core.package_identification:_identify(5_transferframes) by extensions ['cmake', 'python']
[0.302s] Level 1:colcon.colcon_core.package_identification:_identify(5_transferframes) by extension 'cmake'
[0.302s] Level 1:colcon.colcon_core.package_identification:_identify(5_transferframes) by extension 'python'
[0.302s] Level 1:colcon.colcon_core.package_identification:_identify(5_transferframes) by extensions ['python_setup_py']
[0.302s] Level 1:colcon.colcon_core.package_identification:_identify(5_transferframes) by extension 'python_setup_py'
[0.302s] Level 1:colcon.colcon_core.package_identification:_identify(5_transferframes/transferframes) by extensions ['ignore', 'ignore_ament_install']
[0.302s] Level 1:colcon.colcon_core.package_identification:_identify(5_transferframes/transferframes) by extension 'ignore'
[0.302s] Level 1:colcon.colcon_core.package_identification:_identify(5_transferframes/transferframes) by extension 'ignore_ament_install'
[0.302s] Level 1:colcon.colcon_core.package_identification:_identify(5_transferframes/transferframes) by extensions ['colcon_pkg']
[0.302s] Level 1:colcon.colcon_core.package_identification:_identify(5_transferframes/transferframes) by extension 'colcon_pkg'
[0.302s] Level 1:colcon.colcon_core.package_identification:_identify(5_transferframes/transferframes) by extensions ['colcon_meta']
[0.302s] Level 1:colcon.colcon_core.package_identification:_identify(5_transferframes/transferframes) by extension 'colcon_meta'
[0.302s] Level 1:colcon.colcon_core.package_identification:_identify(5_transferframes/transferframes) by extensions ['ros']
[0.302s] Level 1:colcon.colcon_core.package_identification:_identify(5_transferframes/transferframes) by extension 'ros'
[0.303s] DEBUG:colcon.colcon_core.package_identification:Package '5_transferframes/transferframes' with type 'ros.ament_python' and name 'transferframes'
[0.303s] Level 1:colcon.colcon_core.package_identification:_identify(5_transferframes/transferframes_moveit_config) by extensions ['ignore', 'ignore_ament_install']
[0.303s] Level 1:colcon.colcon_core.package_identification:_identify(5_transferframes/transferframes_moveit_config) by extension 'ignore'
[0.303s] Level 1:colcon.colcon_core.package_identification:_identify(5_transferframes/transferframes_moveit_config) by extension 'ignore_ament_install'
[0.303s] Level 1:colcon.colcon_core.package_identification:_identify(5_transferframes/transferframes_moveit_config) by extensions ['colcon_pkg']
[0.303s] Level 1:colcon.colcon_core.package_identification:_identify(5_transferframes/transferframes_moveit_config) by extension 'colcon_pkg'
[0.303s] Level 1:colcon.colcon_core.package_identification:_identify(5_transferframes/transferframes_moveit_config) by extensions ['colcon_meta']
[0.303s] Level 1:colcon.colcon_core.package_identification:_identify(5_transferframes/transferframes_moveit_config) by extension 'colcon_meta'
[0.303s] Level 1:colcon.colcon_core.package_identification:_identify(5_transferframes/transferframes_moveit_config) by extensions ['ros']
[0.303s] Level 1:colcon.colcon_core.package_identification:_identify(5_transferframes/transferframes_moveit_config) by extension 'ros'
[0.304s] DEBUG:colcon.colcon_core.package_identification:Package '5_transferframes/transferframes_moveit_config' with type 'ros.ament_cmake' and name 'transferframes_moveit_config'
[0.304s] Level 1:colcon.colcon_core.package_identification:_identify(6_project) by extensions ['ignore', 'ignore_ament_install']
[0.304s] Level 1:colcon.colcon_core.package_identification:_identify(6_project) by extension 'ignore'
[0.304s] Level 1:colcon.colcon_core.package_identification:_identify(6_project) by extension 'ignore_ament_install'
[0.304s] Level 1:colcon.colcon_core.package_identification:_identify(6_project) by extensions ['colcon_pkg']
[0.304s] Level 1:colcon.colcon_core.package_identification:_identify(6_project) by extension 'colcon_pkg'
[0.304s] Level 1:colcon.colcon_core.package_identification:_identify(6_project) by extensions ['colcon_meta']
[0.304s] Level 1:colcon.colcon_core.package_identification:_identify(6_project) by extension 'colcon_meta'
[0.304s] Level 1:colcon.colcon_core.package_identification:_identify(6_project) by extensions ['ros']
[0.304s] Level 1:colcon.colcon_core.package_identification:_identify(6_project) by extension 'ros'
[0.304s] Level 1:colcon.colcon_core.package_identification:_identify(6_project) by extensions ['cmake', 'python']
[0.304s] Level 1:colcon.colcon_core.package_identification:_identify(6_project) by extension 'cmake'
[0.304s] Level 1:colcon.colcon_core.package_identification:_identify(6_project) by extension 'python'
[0.304s] Level 1:colcon.colcon_core.package_identification:_identify(6_project) by extensions ['python_setup_py']
[0.304s] Level 1:colcon.colcon_core.package_identification:_identify(6_project) by extension 'python_setup_py'
[0.304s] Level 1:colcon.colcon_core.package_identification:_identify(build) by extensions ['ignore', 'ignore_ament_install']
[0.304s] Level 1:colcon.colcon_core.package_identification:_identify(build) by extension 'ignore'
[0.304s] Level 1:colcon.colcon_core.package_identification:_identify(build) ignored
[0.304s] Level 1:colcon.colcon_core.package_identification:_identify(documentation) by extensions ['ignore', 'ignore_ament_install']
[0.304s] Level 1:colcon.colcon_core.package_identification:_identify(documentation) by extension 'ignore'
[0.304s] Level 1:colcon.colcon_core.package_identification:_identify(documentation) by extension 'ignore_ament_install'
[0.304s] Level 1:colcon.colcon_core.package_identification:_identify(documentation) by extensions ['colcon_pkg']
[0.304s] Level 1:colcon.colcon_core.package_identification:_identify(documentation) by extension 'colcon_pkg'
[0.304s] Level 1:colcon.colcon_core.package_identification:_identify(documentation) by extensions ['colcon_meta']
[0.304s] Level 1:colcon.colcon_core.package_identification:_identify(documentation) by extension 'colcon_meta'
[0.304s] Level 1:colcon.colcon_core.package_identification:_identify(documentation) by extensions ['ros']
[0.304s] Level 1:colcon.colcon_core.package_identification:_identify(documentation) by extension 'ros'
[0.305s] Level 1:colcon.colcon_core.package_identification:_identify(documentation) by extensions ['cmake', 'python']
[0.305s] Level 1:colcon.colcon_core.package_identification:_identify(documentation) by extension 'cmake'
[0.305s] Level 1:colcon.colcon_core.package_identification:_identify(documentation) by extension 'python'
[0.305s] Level 1:colcon.colcon_core.package_identification:_identify(documentation) by extensions ['python_setup_py']
[0.305s] Level 1:colcon.colcon_core.package_identification:_identify(documentation) by extension 'python_setup_py'
[0.305s] Level 1:colcon.colcon_core.package_identification:_identify(documentation/1_basics) by extensions ['ignore', 'ignore_ament_install']
[0.305s] Level 1:colcon.colcon_core.package_identification:_identify(documentation/1_basics) by extension 'ignore'
[0.305s] Level 1:colcon.colcon_core.package_identification:_identify(documentation/1_basics) by extension 'ignore_ament_install'
[0.305s] Level 1:colcon.colcon_core.package_identification:_identify(documentation/1_basics) by extensions ['colcon_pkg']
[0.305s] Level 1:colcon.colcon_core.package_identification:_identify(documentation/1_basics) by extension 'colcon_pkg'
[0.305s] Level 1:colcon.colcon_core.package_identification:_identify(documentation/1_basics) by extensions ['colcon_meta']
[0.305s] Level 1:colcon.colcon_core.package_identification:_identify(documentation/1_basics) by extension 'colcon_meta'
[0.305s] Level 1:colcon.colcon_core.package_identification:_identify(documentation/1_basics) by extensions ['ros']
[0.305s] Level 1:colcon.colcon_core.package_identification:_identify(documentation/1_basics) by extension 'ros'
[0.305s] Level 1:colcon.colcon_core.package_identification:_identify(documentation/1_basics) by extensions ['cmake', 'python']
[0.305s] Level 1:colcon.colcon_core.package_identification:_identify(documentation/1_basics) by extension 'cmake'
[0.305s] Level 1:colcon.colcon_core.package_identification:_identify(documentation/1_basics) by extension 'python'
[0.305s] Level 1:colcon.colcon_core.package_identification:_identify(documentation/1_basics) by extensions ['python_setup_py']
[0.305s] Level 1:colcon.colcon_core.package_identification:_identify(documentation/1_basics) by extension 'python_setup_py'
[0.305s] Level 1:colcon.colcon_core.package_identification:_identify(documentation/1_basics/ESP32) by extensions ['ignore', 'ignore_ament_install']
[0.305s] Level 1:colcon.colcon_core.package_identification:_identify(documentation/1_basics/ESP32) by extension 'ignore'
[0.305s] Level 1:colcon.colcon_core.package_identification:_identify(documentation/1_basics/ESP32) by extension 'ignore_ament_install'
[0.305s] Level 1:colcon.colcon_core.package_identification:_identify(documentation/1_basics/ESP32) by extensions ['colcon_pkg']
[0.305s] Level 1:colcon.colcon_core.package_identification:_identify(documentation/1_basics/ESP32) by extension 'colcon_pkg'
[0.305s] Level 1:colcon.colcon_core.package_identification:_identify(documentation/1_basics/ESP32) by extensions ['colcon_meta']
[0.305s] Level 1:colcon.colcon_core.package_identification:_identify(documentation/1_basics/ESP32) by extension 'colcon_meta'
[0.305s] Level 1:colcon.colcon_core.package_identification:_identify(documentation/1_basics/ESP32) by extensions ['ros']
[0.305s] Level 1:colcon.colcon_core.package_identification:_identify(documentation/1_basics/ESP32) by extension 'ros'
[0.305s] Level 1:colcon.colcon_core.package_identification:_identify(documentation/1_basics/ESP32) by extensions ['cmake', 'python']
[0.305s] Level 1:colcon.colcon_core.package_identification:_identify(documentation/1_basics/ESP32) by extension 'cmake'
[0.305s] Level 1:colcon.colcon_core.package_identification:_identify(documentation/1_basics/ESP32) by extension 'python'
[0.305s] Level 1:colcon.colcon_core.package_identification:_identify(documentation/1_basics/ESP32) by extensions ['python_setup_py']
[0.305s] Level 1:colcon.colcon_core.package_identification:_identify(documentation/1_basics/ESP32) by extension 'python_setup_py'
[0.305s] Level 1:colcon.colcon_core.package_identification:_identify(documentation/2_urdf) by extensions ['ignore', 'ignore_ament_install']
[0.306s] Level 1:colcon.colcon_core.package_identification:_identify(documentation/2_urdf) by extension 'ignore'
[0.306s] Level 1:colcon.colcon_core.package_identification:_identify(documentation/2_urdf) by extension 'ignore_ament_install'
[0.306s] Level 1:colcon.colcon_core.package_identification:_identify(documentation/2_urdf) by extensions ['colcon_pkg']
[0.306s] Level 1:colcon.colcon_core.package_identification:_identify(documentation/2_urdf) by extension 'colcon_pkg'
[0.306s] Level 1:colcon.colcon_core.package_identification:_identify(documentation/2_urdf) by extensions ['colcon_meta']
[0.306s] Level 1:colcon.colcon_core.package_identification:_identify(documentation/2_urdf) by extension 'colcon_meta'
[0.306s] Level 1:colcon.colcon_core.package_identification:_identify(documentation/2_urdf) by extensions ['ros']
[0.306s] Level 1:colcon.colcon_core.package_identification:_identify(documentation/2_urdf) by extension 'ros'
[0.306s] Level 1:colcon.colcon_core.package_identification:_identify(documentation/2_urdf) by extensions ['cmake', 'python']
[0.306s] Level 1:colcon.colcon_core.package_identification:_identify(documentation/2_urdf) by extension 'cmake'
[0.306s] Level 1:colcon.colcon_core.package_identification:_identify(documentation/2_urdf) by extension 'python'
[0.306s] Level 1:colcon.colcon_core.package_identification:_identify(documentation/2_urdf) by extensions ['python_setup_py']
[0.306s] Level 1:colcon.colcon_core.package_identification:_identify(documentation/2_urdf) by extension 'python_setup_py'
[0.306s] Level 1:colcon.colcon_core.package_identification:_identify(documentation/2_urdf/images) by extensions ['ignore', 'ignore_ament_install']
[0.306s] Level 1:colcon.colcon_core.package_identification:_identify(documentation/2_urdf/images) by extension 'ignore'
[0.306s] Level 1:colcon.colcon_core.package_identification:_identify(documentation/2_urdf/images) by extension 'ignore_ament_install'
[0.306s] Level 1:colcon.colcon_core.package_identification:_identify(documentation/2_urdf/images) by extensions ['colcon_pkg']
[0.306s] Level 1:colcon.colcon_core.package_identification:_identify(documentation/2_urdf/images) by extension 'colcon_pkg'
[0.306s] Level 1:colcon.colcon_core.package_identification:_identify(documentation/2_urdf/images) by extensions ['colcon_meta']
[0.306s] Level 1:colcon.colcon_core.package_identification:_identify(documentation/2_urdf/images) by extension 'colcon_meta'
[0.306s] Level 1:colcon.colcon_core.package_identification:_identify(documentation/2_urdf/images) by extensions ['ros']
[0.306s] Level 1:colcon.colcon_core.package_identification:_identify(documentation/2_urdf/images) by extension 'ros'
[0.306s] Level 1:colcon.colcon_core.package_identification:_identify(documentation/2_urdf/images) by extensions ['cmake', 'python']
[0.306s] Level 1:colcon.colcon_core.package_identification:_identify(documentation/2_urdf/images) by extension 'cmake'
[0.306s] Level 1:colcon.colcon_core.package_identification:_identify(documentation/2_urdf/images) by extension 'python'
[0.306s] Level 1:colcon.colcon_core.package_identification:_identify(documentation/2_urdf/images) by extensions ['python_setup_py']
[0.306s] Level 1:colcon.colcon_core.package_identification:_identify(documentation/2_urdf/images) by extension 'python_setup_py'
[0.306s] Level 1:colcon.colcon_core.package_identification:_identify(documentation/3_navigation) by extensions ['ignore', 'ignore_ament_install']
[0.306s] Level 1:colcon.colcon_core.package_identification:_identify(documentation/3_navigation) by extension 'ignore'
[0.306s] Level 1:colcon.colcon_core.package_identification:_identify(documentation/3_navigation) by extension 'ignore_ament_install'
[0.306s] Level 1:colcon.colcon_core.package_identification:_identify(documentation/3_navigation) by extensions ['colcon_pkg']
[0.306s] Level 1:colcon.colcon_core.package_identification:_identify(documentation/3_navigation) by extension 'colcon_pkg'
[0.306s] Level 1:colcon.colcon_core.package_identification:_identify(documentation/3_navigation) by extensions ['colcon_meta']
[0.306s] Level 1:colcon.colcon_core.package_identification:_identify(documentation/3_navigation) by extension 'colcon_meta'
[0.307s] Level 1:colcon.colcon_core.package_identification:_identify(documentation/3_navigation) by extensions ['ros']
[0.307s] Level 1:colcon.colcon_core.package_identification:_identify(documentation/3_navigation) by extension 'ros'
[0.307s] Level 1:colcon.colcon_core.package_identification:_identify(documentation/3_navigation) by extensions ['cmake', 'python']
[0.307s] Level 1:colcon.colcon_core.package_identification:_identify(documentation/3_navigation) by extension 'cmake'
[0.307s] Level 1:colcon.colcon_core.package_identification:_identify(documentation/3_navigation) by extension 'python'
[0.307s] Level 1:colcon.colcon_core.package_identification:_identify(documentation/3_navigation) by extensions ['python_setup_py']
[0.307s] Level 1:colcon.colcon_core.package_identification:_identify(documentation/3_navigation) by extension 'python_setup_py'
[0.307s] Level 1:colcon.colcon_core.package_identification:_identify(documentation/3_navigation/ESP32) by extensions ['ignore', 'ignore_ament_install']
[0.307s] Level 1:colcon.colcon_core.package_identification:_identify(documentation/3_navigation/ESP32) by extension 'ignore'
[0.307s] Level 1:colcon.colcon_core.package_identification:_identify(documentation/3_navigation/ESP32) by extension 'ignore_ament_install'
[0.307s] Level 1:colcon.colcon_core.package_identification:_identify(documentation/3_navigation/ESP32) by extensions ['colcon_pkg']
[0.307s] Level 1:colcon.colcon_core.package_identification:_identify(documentation/3_navigation/ESP32) by extension 'colcon_pkg'
[0.307s] Level 1:colcon.colcon_core.package_identification:_identify(documentation/3_navigation/ESP32) by extensions ['colcon_meta']
[0.307s] Level 1:colcon.colcon_core.package_identification:_identify(documentation/3_navigation/ESP32) by extension 'colcon_meta'
[0.307s] Level 1:colcon.colcon_core.package_identification:_identify(documentation/3_navigation/ESP32) by extensions ['ros']
[0.307s] Level 1:colcon.colcon_core.package_identification:_identify(documentation/3_navigation/ESP32) by extension 'ros'
[0.307s] Level 1:colcon.colcon_core.package_identification:_identify(documentation/3_navigation/ESP32) by extensions ['cmake', 'python']
[0.307s] Level 1:colcon.colcon_core.package_identification:_identify(documentation/3_navigation/ESP32) by extension 'cmake'
[0.307s] Level 1:colcon.colcon_core.package_identification:_identify(documentation/3_navigation/ESP32) by extension 'python'
[0.307s] Level 1:colcon.colcon_core.package_identification:_identify(documentation/3_navigation/ESP32) by extensions ['python_setup_py']
[0.307s] Level 1:colcon.colcon_core.package_identification:_identify(documentation/3_navigation/ESP32) by extension 'python_setup_py'
[0.307s] Level 1:colcon.colcon_core.package_identification:_identify(documentation/4_manipulation) by extensions ['ignore', 'ignore_ament_install']
[0.307s] Level 1:colcon.colcon_core.package_identification:_identify(documentation/4_manipulation) by extension 'ignore'
[0.307s] Level 1:colcon.colcon_core.package_identification:_identify(documentation/4_manipulation) by extension 'ignore_ament_install'
[0.307s] Level 1:colcon.colcon_core.package_identification:_identify(documentation/4_manipulation) by extensions ['colcon_pkg']
[0.307s] Level 1:colcon.colcon_core.package_identification:_identify(documentation/4_manipulation) by extension 'colcon_pkg'
[0.307s] Level 1:colcon.colcon_core.package_identification:_identify(documentation/4_manipulation) by extensions ['colcon_meta']
[0.307s] Level 1:colcon.colcon_core.package_identification:_identify(documentation/4_manipulation) by extension 'colcon_meta'
[0.307s] Level 1:colcon.colcon_core.package_identification:_identify(documentation/4_manipulation) by extensions ['ros']
[0.307s] Level 1:colcon.colcon_core.package_identification:_identify(documentation/4_manipulation) by extension 'ros'
[0.307s] Level 1:colcon.colcon_core.package_identification:_identify(documentation/4_manipulation) by extensions ['cmake', 'python']
[0.307s] Level 1:colcon.colcon_core.package_identification:_identify(documentation/4_manipulation) by extension 'cmake'
[0.307s] Level 1:colcon.colcon_core.package_identification:_identify(documentation/4_manipulation) by extension 'python'
[0.307s] Level 1:colcon.colcon_core.package_identification:_identify(documentation/4_manipulation) by extensions ['python_setup_py']
[0.307s] Level 1:colcon.colcon_core.package_identification:_identify(documentation/4_manipulation) by extension 'python_setup_py'
[0.307s] Level 1:colcon.colcon_core.package_identification:_identify(documentation/5_transferframes) by extensions ['ignore', 'ignore_ament_install']
[0.308s] Level 1:colcon.colcon_core.package_identification:_identify(documentation/5_transferframes) by extension 'ignore'
[0.308s] Level 1:colcon.colcon_core.package_identification:_identify(documentation/5_transferframes) by extension 'ignore_ament_install'
[0.308s] Level 1:colcon.colcon_core.package_identification:_identify(documentation/5_transferframes) by extensions ['colcon_pkg']
[0.308s] Level 1:colcon.colcon_core.package_identification:_identify(documentation/5_transferframes) by extension 'colcon_pkg'
[0.308s] Level 1:colcon.colcon_core.package_identification:_identify(documentation/5_transferframes) by extensions ['colcon_meta']
[0.308s] Level 1:colcon.colcon_core.package_identification:_identify(documentation/5_transferframes) by extension 'colcon_meta'
[0.308s] Level 1:colcon.colcon_core.package_identification:_identify(documentation/5_transferframes) by extensions ['ros']
[0.308s] Level 1:colcon.colcon_core.package_identification:_identify(documentation/5_transferframes) by extension 'ros'
[0.308s] Level 1:colcon.colcon_core.package_identification:_identify(documentation/5_transferframes) by extensions ['cmake', 'python']
[0.308s] Level 1:colcon.colcon_core.package_identification:_identify(documentation/5_transferframes) by extension 'cmake'
[0.308s] Level 1:colcon.colcon_core.package_identification:_identify(documentation/5_transferframes) by extension 'python'
[0.308s] Level 1:colcon.colcon_core.package_identification:_identify(documentation/5_transferframes) by extensions ['python_setup_py']
[0.308s] Level 1:colcon.colcon_core.package_identification:_identify(documentation/5_transferframes) by extension 'python_setup_py'
[0.308s] Level 1:colcon.colcon_core.package_identification:_identify(documentation/_static) by extensions ['ignore', 'ignore_ament_install']
[0.308s] Level 1:colcon.colcon_core.package_identification:_identify(documentation/_static) by extension 'ignore'
[0.308s] Level 1:colcon.colcon_core.package_identification:_identify(documentation/_static) by extension 'ignore_ament_install'
[0.308s] Level 1:colcon.colcon_core.package_identification:_identify(documentation/_static) by extensions ['colcon_pkg']
[0.308s] Level 1:colcon.colcon_core.package_identification:_identify(documentation/_static) by extension 'colcon_pkg'
[0.308s] Level 1:colcon.colcon_core.package_identification:_identify(documentation/_static) by extensions ['colcon_meta']
[0.308s] Level 1:colcon.colcon_core.package_identification:_identify(documentation/_static) by extension 'colcon_meta'
[0.308s] Level 1:colcon.colcon_core.package_identification:_identify(documentation/_static) by extensions ['ros']
[0.308s] Level 1:colcon.colcon_core.package_identification:_identify(documentation/_static) by extension 'ros'
[0.308s] Level 1:colcon.colcon_core.package_identification:_identify(documentation/_static) by extensions ['cmake', 'python']
[0.308s] Level 1:colcon.colcon_core.package_identification:_identify(documentation/_static) by extension 'cmake'
[0.308s] Level 1:colcon.colcon_core.package_identification:_identify(documentation/_static) by extension 'python'
[0.308s] Level 1:colcon.colcon_core.package_identification:_identify(documentation/_static) by extensions ['python_setup_py']
[0.308s] Level 1:colcon.colcon_core.package_identification:_identify(documentation/_static) by extension 'python_setup_py'
[0.308s] Level 1:colcon.colcon_core.package_identification:_identify(documentation/general) by extensions ['ignore', 'ignore_ament_install']
[0.308s] Level 1:colcon.colcon_core.package_identification:_identify(documentation/general) by extension 'ignore'
[0.308s] Level 1:colcon.colcon_core.package_identification:_identify(documentation/general) by extension 'ignore_ament_install'
[0.308s] Level 1:colcon.colcon_core.package_identification:_identify(documentation/general) by extensions ['colcon_pkg']
[0.308s] Level 1:colcon.colcon_core.package_identification:_identify(documentation/general) by extension 'colcon_pkg'
[0.308s] Level 1:colcon.colcon_core.package_identification:_identify(documentation/general) by extensions ['colcon_meta']
[0.308s] Level 1:colcon.colcon_core.package_identification:_identify(documentation/general) by extension 'colcon_meta'
[0.308s] Level 1:colcon.colcon_core.package_identification:_identify(documentation/general) by extensions ['ros']
[0.308s] Level 1:colcon.colcon_core.package_identification:_identify(documentation/general) by extension 'ros'
[0.308s] Level 1:colcon.colcon_core.package_identification:_identify(documentation/general) by extensions ['cmake', 'python']
[0.309s] Level 1:colcon.colcon_core.package_identification:_identify(documentation/general) by extension 'cmake'
[0.309s] Level 1:colcon.colcon_core.package_identification:_identify(documentation/general) by extension 'python'
[0.309s] Level 1:colcon.colcon_core.package_identification:_identify(documentation/general) by extensions ['python_setup_py']
[0.309s] Level 1:colcon.colcon_core.package_identification:_identify(documentation/general) by extension 'python_setup_py'
[0.309s] Level 1:colcon.colcon_core.package_identification:_identify(documentation/images) by extensions ['ignore', 'ignore_ament_install']
[0.309s] Level 1:colcon.colcon_core.package_identification:_identify(documentation/images) by extension 'ignore'
[0.309s] Level 1:colcon.colcon_core.package_identification:_identify(documentation/images) by extension 'ignore_ament_install'
[0.309s] Level 1:colcon.colcon_core.package_identification:_identify(documentation/images) by extensions ['colcon_pkg']
[0.309s] Level 1:colcon.colcon_core.package_identification:_identify(documentation/images) by extension 'colcon_pkg'
[0.309s] Level 1:colcon.colcon_core.package_identification:_identify(documentation/images) by extensions ['colcon_meta']
[0.309s] Level 1:colcon.colcon_core.package_identification:_identify(documentation/images) by extension 'colcon_meta'
[0.309s] Level 1:colcon.colcon_core.package_identification:_identify(documentation/images) by extensions ['ros']
[0.309s] Level 1:colcon.colcon_core.package_identification:_identify(documentation/images) by extension 'ros'
[0.309s] Level 1:colcon.colcon_core.package_identification:_identify(documentation/images) by extensions ['cmake', 'python']
[0.309s] Level 1:colcon.colcon_core.package_identification:_identify(documentation/images) by extension 'cmake'
[0.309s] Level 1:colcon.colcon_core.package_identification:_identify(documentation/images) by extension 'python'
[0.309s] Level 1:colcon.colcon_core.package_identification:_identify(documentation/images) by extensions ['python_setup_py']
[0.309s] Level 1:colcon.colcon_core.package_identification:_identify(documentation/images) by extension 'python_setup_py'
[0.309s] Level 1:colcon.colcon_core.package_identification:_identify(documentation/images/ESP32) by extensions ['ignore', 'ignore_ament_install']
[0.309s] Level 1:colcon.colcon_core.package_identification:_identify(documentation/images/ESP32) by extension 'ignore'
[0.309s] Level 1:colcon.colcon_core.package_identification:_identify(documentation/images/ESP32) by extension 'ignore_ament_install'
[0.309s] Level 1:colcon.colcon_core.package_identification:_identify(documentation/images/ESP32) by extensions ['colcon_pkg']
[0.309s] Level 1:colcon.colcon_core.package_identification:_identify(documentation/images/ESP32) by extension 'colcon_pkg'
[0.309s] Level 1:colcon.colcon_core.package_identification:_identify(documentation/images/ESP32) by extensions ['colcon_meta']
[0.309s] Level 1:colcon.colcon_core.package_identification:_identify(documentation/images/ESP32) by extension 'colcon_meta'
[0.309s] Level 1:colcon.colcon_core.package_identification:_identify(documentation/images/ESP32) by extensions ['ros']
[0.309s] Level 1:colcon.colcon_core.package_identification:_identify(documentation/images/ESP32) by extension 'ros'
[0.309s] Level 1:colcon.colcon_core.package_identification:_identify(documentation/images/ESP32) by extensions ['cmake', 'python']
[0.309s] Level 1:colcon.colcon_core.package_identification:_identify(documentation/images/ESP32) by extension 'cmake'
[0.309s] Level 1:colcon.colcon_core.package_identification:_identify(documentation/images/ESP32) by extension 'python'
[0.309s] Level 1:colcon.colcon_core.package_identification:_identify(documentation/images/ESP32) by extensions ['python_setup_py']
[0.309s] Level 1:colcon.colcon_core.package_identification:_identify(documentation/images/ESP32) by extension 'python_setup_py'
[0.309s] Level 1:colcon.colcon_core.package_identification:_identify(documentation/images/PlatformIO) by extensions ['ignore', 'ignore_ament_install']
[0.309s] Level 1:colcon.colcon_core.package_identification:_identify(documentation/images/PlatformIO) by extension 'ignore'
[0.310s] Level 1:colcon.colcon_core.package_identification:_identify(documentation/images/PlatformIO) by extension 'ignore_ament_install'
[0.310s] Level 1:colcon.colcon_core.package_identification:_identify(documentation/images/PlatformIO) by extensions ['colcon_pkg']
[0.310s] Level 1:colcon.colcon_core.package_identification:_identify(documentation/images/PlatformIO) by extension 'colcon_pkg'
[0.310s] Level 1:colcon.colcon_core.package_identification:_identify(documentation/images/PlatformIO) by extensions ['colcon_meta']
[0.310s] Level 1:colcon.colcon_core.package_identification:_identify(documentation/images/PlatformIO) by extension 'colcon_meta'
[0.310s] Level 1:colcon.colcon_core.package_identification:_identify(documentation/images/PlatformIO) by extensions ['ros']
[0.310s] Level 1:colcon.colcon_core.package_identification:_identify(documentation/images/PlatformIO) by extension 'ros'
[0.310s] Level 1:colcon.colcon_core.package_identification:_identify(documentation/images/PlatformIO) by extensions ['cmake', 'python']
[0.310s] Level 1:colcon.colcon_core.package_identification:_identify(documentation/images/PlatformIO) by extension 'cmake'
[0.310s] Level 1:colcon.colcon_core.package_identification:_identify(documentation/images/PlatformIO) by extension 'python'
[0.310s] Level 1:colcon.colcon_core.package_identification:_identify(documentation/images/PlatformIO) by extensions ['python_setup_py']
[0.310s] Level 1:colcon.colcon_core.package_identification:_identify(documentation/images/PlatformIO) by extension 'python_setup_py'
[0.310s] Level 1:colcon.colcon_core.package_identification:_identify(documentation/references) by extensions ['ignore', 'ignore_ament_install']
[0.310s] Level 1:colcon.colcon_core.package_identification:_identify(documentation/references) by extension 'ignore'
[0.310s] Level 1:colcon.colcon_core.package_identification:_identify(documentation/references) by extension 'ignore_ament_install'
[0.310s] Level 1:colcon.colcon_core.package_identification:_identify(documentation/references) by extensions ['colcon_pkg']
[0.310s] Level 1:colcon.colcon_core.package_identification:_identify(documentation/references) by extension 'colcon_pkg'
[0.310s] Level 1:colcon.colcon_core.package_identification:_identify(documentation/references) by extensions ['colcon_meta']
[0.310s] Level 1:colcon.colcon_core.package_identification:_identify(documentation/references) by extension 'colcon_meta'
[0.310s] Level 1:colcon.colcon_core.package_identification:_identify(documentation/references) by extensions ['ros']
[0.310s] Level 1:colcon.colcon_core.package_identification:_identify(documentation/references) by extension 'ros'
[0.310s] Level 1:colcon.colcon_core.package_identification:_identify(documentation/references) by extensions ['cmake', 'python']
[0.310s] Level 1:colcon.colcon_core.package_identification:_identify(documentation/references) by extension 'cmake'
[0.310s] Level 1:colcon.colcon_core.package_identification:_identify(documentation/references) by extension 'python'
[0.310s] Level 1:colcon.colcon_core.package_identification:_identify(documentation/references) by extensions ['python_setup_py']
[0.310s] Level 1:colcon.colcon_core.package_identification:_identify(documentation/references) by extension 'python_setup_py'
[0.310s] Level 1:colcon.colcon_core.package_identification:_identify(documentation/references/microros) by extensions ['ignore', 'ignore_ament_install']
[0.310s] Level 1:colcon.colcon_core.package_identification:_identify(documentation/references/microros) by extension 'ignore'
[0.310s] Level 1:colcon.colcon_core.package_identification:_identify(documentation/references/microros) by extension 'ignore_ament_install'
[0.310s] Level 1:colcon.colcon_core.package_identification:_identify(documentation/references/microros) by extensions ['colcon_pkg']
[0.310s] Level 1:colcon.colcon_core.package_identification:_identify(documentation/references/microros) by extension 'colcon_pkg'
[0.310s] Level 1:colcon.colcon_core.package_identification:_identify(documentation/references/microros) by extensions ['colcon_meta']
[0.310s] Level 1:colcon.colcon_core.package_identification:_identify(documentation/references/microros) by extension 'colcon_meta'
[0.310s] Level 1:colcon.colcon_core.package_identification:_identify(documentation/references/microros) by extensions ['ros']
[0.310s] Level 1:colcon.colcon_core.package_identification:_identify(documentation/references/microros) by extension 'ros'
[0.311s] Level 1:colcon.colcon_core.package_identification:_identify(documentation/references/microros) by extensions ['cmake', 'python']
[0.311s] Level 1:colcon.colcon_core.package_identification:_identify(documentation/references/microros) by extension 'cmake'
[0.311s] Level 1:colcon.colcon_core.package_identification:_identify(documentation/references/microros) by extension 'python'
[0.311s] Level 1:colcon.colcon_core.package_identification:_identify(documentation/references/microros) by extensions ['python_setup_py']
[0.311s] Level 1:colcon.colcon_core.package_identification:_identify(documentation/references/microros) by extension 'python_setup_py'
[0.311s] Level 1:colcon.colcon_core.package_identification:_identify(install) by extensions ['ignore', 'ignore_ament_install']
[0.311s] Level 1:colcon.colcon_core.package_identification:_identify(install) by extension 'ignore'
[0.311s] Level 1:colcon.colcon_core.package_identification:_identify(install) ignored
[0.311s] Level 1:colcon.colcon_core.package_identification:_identify(log) by extensions ['ignore', 'ignore_ament_install']
[0.311s] Level 1:colcon.colcon_core.package_identification:_identify(log) by extension 'ignore'
[0.311s] Level 1:colcon.colcon_core.package_identification:_identify(log) ignored
[0.311s] Level 1:colcon.colcon_core.package_identification:_identify(microros) by extensions ['ignore', 'ignore_ament_install']
[0.311s] Level 1:colcon.colcon_core.package_identification:_identify(microros) by extension 'ignore'
[0.311s] Level 1:colcon.colcon_core.package_identification:_identify(microros) by extension 'ignore_ament_install'
[0.311s] Level 1:colcon.colcon_core.package_identification:_identify(microros) by extensions ['colcon_pkg']
[0.311s] Level 1:colcon.colcon_core.package_identification:_identify(microros) by extension 'colcon_pkg'
[0.311s] Level 1:colcon.colcon_core.package_identification:_identify(microros) by extensions ['colcon_meta']
[0.311s] Level 1:colcon.colcon_core.package_identification:_identify(microros) by extension 'colcon_meta'
[0.311s] Level 1:colcon.colcon_core.package_identification:_identify(microros) by extensions ['ros']
[0.311s] Level 1:colcon.colcon_core.package_identification:_identify(microros) by extension 'ros'
[0.311s] Level 1:colcon.colcon_core.package_identification:_identify(microros) by extensions ['cmake', 'python']
[0.311s] Level 1:colcon.colcon_core.package_identification:_identify(microros) by extension 'cmake'
[0.311s] Level 1:colcon.colcon_core.package_identification:_identify(microros) by extension 'python'
[0.311s] Level 1:colcon.colcon_core.package_identification:_identify(microros) by extensions ['python_setup_py']
[0.311s] Level 1:colcon.colcon_core.package_identification:_identify(microros) by extension 'python_setup_py'
[0.311s] Level 1:colcon.colcon_core.package_identification:_identify(microros/scripts) by extensions ['ignore', 'ignore_ament_install']
[0.311s] Level 1:colcon.colcon_core.package_identification:_identify(microros/scripts) by extension 'ignore'
[0.311s] Level 1:colcon.colcon_core.package_identification:_identify(microros/scripts) by extension 'ignore_ament_install'
[0.311s] Level 1:colcon.colcon_core.package_identification:_identify(microros/scripts) by extensions ['colcon_pkg']
[0.311s] Level 1:colcon.colcon_core.package_identification:_identify(microros/scripts) by extension 'colcon_pkg'
[0.311s] Level 1:colcon.colcon_core.package_identification:_identify(microros/scripts) by extensions ['colcon_meta']
[0.311s] Level 1:colcon.colcon_core.package_identification:_identify(microros/scripts) by extension 'colcon_meta'
[0.312s] Level 1:colcon.colcon_core.package_identification:_identify(microros/scripts) by extensions ['ros']
[0.312s] Level 1:colcon.colcon_core.package_identification:_identify(microros/scripts) by extension 'ros'
[0.312s] Level 1:colcon.colcon_core.package_identification:_identify(microros/scripts) by extensions ['cmake', 'python']
[0.312s] Level 1:colcon.colcon_core.package_identification:_identify(microros/scripts) by extension 'cmake'
[0.312s] Level 1:colcon.colcon_core.package_identification:_identify(microros/scripts) by extension 'python'
[0.312s] Level 1:colcon.colcon_core.package_identification:_identify(microros/scripts) by extensions ['python_setup_py']
[0.312s] Level 1:colcon.colcon_core.package_identification:_identify(microros/scripts) by extension 'python_setup_py'
[0.312s] Level 1:colcon.colcon_core.package_identification:_identify(ros_industrial) by extensions ['ignore', 'ignore_ament_install']
[0.312s] Level 1:colcon.colcon_core.package_identification:_identify(ros_industrial) by extension 'ignore'
[0.312s] Level 1:colcon.colcon_core.package_identification:_identify(ros_industrial) by extension 'ignore_ament_install'
[0.312s] Level 1:colcon.colcon_core.package_identification:_identify(ros_industrial) by extensions ['colcon_pkg']
[0.312s] Level 1:colcon.colcon_core.package_identification:_identify(ros_industrial) by extension 'colcon_pkg'
[0.312s] Level 1:colcon.colcon_core.package_identification:_identify(ros_industrial) by extensions ['colcon_meta']
[0.312s] Level 1:colcon.colcon_core.package_identification:_identify(ros_industrial) by extension 'colcon_meta'
[0.312s] Level 1:colcon.colcon_core.package_identification:_identify(ros_industrial) by extensions ['ros']
[0.312s] Level 1:colcon.colcon_core.package_identification:_identify(ros_industrial) by extension 'ros'
[0.313s] DEBUG:colcon.colcon_core.package_identification:Package 'ros_industrial' with type 'ros.ament_cmake' and name 'ros_industrial_install'
[0.313s] Level 1:colcon.colcon_core.package_identification:_identify(support) by extensions ['ignore', 'ignore_ament_install']
[0.313s] Level 1:colcon.colcon_core.package_identification:_identify(support) by extension 'ignore'
[0.313s] Level 1:colcon.colcon_core.package_identification:_identify(support) by extension 'ignore_ament_install'
[0.313s] Level 1:colcon.colcon_core.package_identification:_identify(support) by extensions ['colcon_pkg']
[0.313s] Level 1:colcon.colcon_core.package_identification:_identify(support) by extension 'colcon_pkg'
[0.313s] Level 1:colcon.colcon_core.package_identification:_identify(support) by extensions ['colcon_meta']
[0.313s] Level 1:colcon.colcon_core.package_identification:_identify(support) by extension 'colcon_meta'
[0.313s] Level 1:colcon.colcon_core.package_identification:_identify(support) by extensions ['ros']
[0.313s] Level 1:colcon.colcon_core.package_identification:_identify(support) by extension 'ros'
[0.313s] Level 1:colcon.colcon_core.package_identification:_identify(support) by extensions ['cmake', 'python']
[0.313s] Level 1:colcon.colcon_core.package_identification:_identify(support) by extension 'cmake'
[0.313s] Level 1:colcon.colcon_core.package_identification:_identify(support) by extension 'python'
[0.313s] Level 1:colcon.colcon_core.package_identification:_identify(support) by extensions ['python_setup_py']
[0.313s] Level 1:colcon.colcon_core.package_identification:_identify(support) by extension 'python_setup_py'
[0.313s] Level 1:colcon.colcon_core.package_identification:_identify(support/ros_industrial_actuators) by extensions ['ignore', 'ignore_ament_install']
[0.313s] Level 1:colcon.colcon_core.package_identification:_identify(support/ros_industrial_actuators) by extension 'ignore'
[0.313s] Level 1:colcon.colcon_core.package_identification:_identify(support/ros_industrial_actuators) by extension 'ignore_ament_install'
[0.313s] Level 1:colcon.colcon_core.package_identification:_identify(support/ros_industrial_actuators) by extensions ['colcon_pkg']
[0.314s] Level 1:colcon.colcon_core.package_identification:_identify(support/ros_industrial_actuators) by extension 'colcon_pkg'
[0.314s] Level 1:colcon.colcon_core.package_identification:_identify(support/ros_industrial_actuators) by extensions ['colcon_meta']
[0.314s] Level 1:colcon.colcon_core.package_identification:_identify(support/ros_industrial_actuators) by extension 'colcon_meta'
[0.314s] Level 1:colcon.colcon_core.package_identification:_identify(support/ros_industrial_actuators) by extensions ['ros']
[0.314s] Level 1:colcon.colcon_core.package_identification:_identify(support/ros_industrial_actuators) by extension 'ros'
[0.315s] DEBUG:colcon.colcon_core.package_identification:Package 'support/ros_industrial_actuators' with type 'ros.ament_cmake' and name 'ros_industrial_actuators'
[0.315s] Level 1:colcon.colcon_core.package_identification:_identify(support/ros_industrial_gazebo) by extensions ['ignore', 'ignore_ament_install']
[0.315s] Level 1:colcon.colcon_core.package_identification:_identify(support/ros_industrial_gazebo) by extension 'ignore'
[0.315s] Level 1:colcon.colcon_core.package_identification:_identify(support/ros_industrial_gazebo) by extension 'ignore_ament_install'
[0.315s] Level 1:colcon.colcon_core.package_identification:_identify(support/ros_industrial_gazebo) by extensions ['colcon_pkg']
[0.315s] Level 1:colcon.colcon_core.package_identification:_identify(support/ros_industrial_gazebo) by extension 'colcon_pkg'
[0.315s] Level 1:colcon.colcon_core.package_identification:_identify(support/ros_industrial_gazebo) by extensions ['colcon_meta']
[0.315s] Level 1:colcon.colcon_core.package_identification:_identify(support/ros_industrial_gazebo) by extension 'colcon_meta'
[0.316s] Level 1:colcon.colcon_core.package_identification:_identify(support/ros_industrial_gazebo) by extensions ['ros']
[0.316s] Level 1:colcon.colcon_core.package_identification:_identify(support/ros_industrial_gazebo) by extension 'ros'
[0.316s] DEBUG:colcon.colcon_core.package_identification:Package 'support/ros_industrial_gazebo' with type 'ros.ament_python' and name 'ros_industrial_gazebo'
[0.316s] Level 1:colcon.colcon_core.package_identification:_identify(support/ros_industrial_msgs) by extensions ['ignore', 'ignore_ament_install']
[0.316s] Level 1:colcon.colcon_core.package_identification:_identify(support/ros_industrial_msgs) by extension 'ignore'
[0.316s] Level 1:colcon.colcon_core.package_identification:_identify(support/ros_industrial_msgs) by extension 'ignore_ament_install'
[0.316s] Level 1:colcon.colcon_core.package_identification:_identify(support/ros_industrial_msgs) by extensions ['colcon_pkg']
[0.316s] Level 1:colcon.colcon_core.package_identification:_identify(support/ros_industrial_msgs) by extension 'colcon_pkg'
[0.316s] Level 1:colcon.colcon_core.package_identification:_identify(support/ros_industrial_msgs) by extensions ['colcon_meta']
[0.316s] Level 1:colcon.colcon_core.package_identification:_identify(support/ros_industrial_msgs) by extension 'colcon_meta'
[0.316s] Level 1:colcon.colcon_core.package_identification:_identify(support/ros_industrial_msgs) by extensions ['ros']
[0.316s] Level 1:colcon.colcon_core.package_identification:_identify(support/ros_industrial_msgs) by extension 'ros'
[0.316s] DEBUG:colcon.colcon_core.package_identification:Package 'support/ros_industrial_msgs' with type 'ros.ament_cmake' and name 'ros_industrial_msgs'
[0.316s] Level 1:colcon.colcon_core.package_identification:_identify(support/ros_industrial_sensors) by extensions ['ignore', 'ignore_ament_install']
[0.317s] Level 1:colcon.colcon_core.package_identification:_identify(support/ros_industrial_sensors) by extension 'ignore'
[0.317s] Level 1:colcon.colcon_core.package_identification:_identify(support/ros_industrial_sensors) by extension 'ignore_ament_install'
[0.317s] Level 1:colcon.colcon_core.package_identification:_identify(support/ros_industrial_sensors) by extensions ['colcon_pkg']
[0.317s] Level 1:colcon.colcon_core.package_identification:_identify(support/ros_industrial_sensors) by extension 'colcon_pkg'
[0.317s] Level 1:colcon.colcon_core.package_identification:_identify(support/ros_industrial_sensors) by extensions ['colcon_meta']
[0.317s] Level 1:colcon.colcon_core.package_identification:_identify(support/ros_industrial_sensors) by extension 'colcon_meta'
[0.317s] Level 1:colcon.colcon_core.package_identification:_identify(support/ros_industrial_sensors) by extensions ['ros']
[0.317s] Level 1:colcon.colcon_core.package_identification:_identify(support/ros_industrial_sensors) by extension 'ros'
[0.318s] DEBUG:colcon.colcon_core.package_identification:Package 'support/ros_industrial_sensors' with type 'ros.ament_cmake' and name 'ros_industrial_sensors'
[0.318s] Level 1:colcon.colcon_core.package_identification:_identify(support/ros_industrial_support) by extensions ['ignore', 'ignore_ament_install']
[0.318s] Level 1:colcon.colcon_core.package_identification:_identify(support/ros_industrial_support) by extension 'ignore'
[0.318s] Level 1:colcon.colcon_core.package_identification:_identify(support/ros_industrial_support) by extension 'ignore_ament_install'
[0.318s] Level 1:colcon.colcon_core.package_identification:_identify(support/ros_industrial_support) by extensions ['colcon_pkg']
[0.318s] Level 1:colcon.colcon_core.package_identification:_identify(support/ros_industrial_support) by extension 'colcon_pkg'
[0.318s] Level 1:colcon.colcon_core.package_identification:_identify(support/ros_industrial_support) by extensions ['colcon_meta']
[0.318s] Level 1:colcon.colcon_core.package_identification:_identify(support/ros_industrial_support) by extension 'colcon_meta'
[0.318s] Level 1:colcon.colcon_core.package_identification:_identify(support/ros_industrial_support) by extensions ['ros']
[0.318s] Level 1:colcon.colcon_core.package_identification:_identify(support/ros_industrial_support) by extension 'ros'
[0.318s] DEBUG:colcon.colcon_core.package_identification:Package 'support/ros_industrial_support' with type 'ros.ament_python' and name 'ros_industrial_support'
[0.318s] Level 1:colcon.colcon_core.package_identification:_identify(support/ros_industrial_utilities) by extensions ['ignore', 'ignore_ament_install']
[0.318s] Level 1:colcon.colcon_core.package_identification:_identify(support/ros_industrial_utilities) by extension 'ignore'
[0.318s] Level 1:colcon.colcon_core.package_identification:_identify(support/ros_industrial_utilities) by extension 'ignore_ament_install'
[0.318s] Level 1:colcon.colcon_core.package_identification:_identify(support/ros_industrial_utilities) by extensions ['colcon_pkg']
[0.318s] Level 1:colcon.colcon_core.package_identification:_identify(support/ros_industrial_utilities) by extension 'colcon_pkg'
[0.319s] Level 1:colcon.colcon_core.package_identification:_identify(support/ros_industrial_utilities) by extensions ['colcon_meta']
[0.319s] Level 1:colcon.colcon_core.package_identification:_identify(support/ros_industrial_utilities) by extension 'colcon_meta'
[0.319s] Level 1:colcon.colcon_core.package_identification:_identify(support/ros_industrial_utilities) by extensions ['ros']
[0.319s] Level 1:colcon.colcon_core.package_identification:_identify(support/ros_industrial_utilities) by extension 'ros'
[0.319s] DEBUG:colcon.colcon_core.package_identification:Package 'support/ros_industrial_utilities' with type 'ros.ament_python' and name 'ros_industrial_utilities'
[0.319s] Level 1:colcon.colcon_core.package_discovery:discover_packages(recursive) using defaults
[0.319s] Level 1:colcon.colcon_core.package_discovery:discover_packages(ignore) discover
[0.319s] Level 1:colcon.colcon_core.package_discovery:discover_packages(ignore) using defaults
[0.319s] Level 1:colcon.colcon_core.package_discovery:discover_packages(path) discover
[0.319s] Level 1:colcon.colcon_core.package_discovery:discover_packages(path) using defaults
[0.336s] INFO:colcon.colcon_core.package_selection:Skipping not selected package 'fanuc_robots' in '2_urdf/fanuc_robots'
[0.336s] INFO:colcon.colcon_core.package_selection:Skipping not selected package 'manipulation' in '4_manipulation/manipulation'
[0.336s] INFO:colcon.colcon_core.package_selection:Skipping not selected package 'navigation' in '3_navigation/navigation'
[0.336s] INFO:colcon.colcon_core.package_selection:Skipping not selected package 'node_demo' in '1_basics/node_demo'
[0.336s] INFO:colcon.colcon_core.package_selection:Skipping not selected package 'range_sensors_interfaces' in '1_basics/ESP32/ultrasonic_sensor/extra_packages/range_sensors_interfaces'
[0.336s] INFO:colcon.colcon_core.package_selection:Skipping not selected package 'ros_industrial_gazebo' in 'support/ros_industrial_gazebo'
[0.336s] INFO:colcon.colcon_core.package_selection:Skipping not selected package 'ros_industrial_install' in 'ros_industrial'
[0.336s] INFO:colcon.colcon_core.package_selection:Skipping not selected package 'ros_industrial_msgs' in 'support/ros_industrial_msgs'
[0.336s] INFO:colcon.colcon_core.package_selection:Skipping not selected package 'ros_industrial_support' in 'support/ros_industrial_support'
[0.336s] INFO:colcon.colcon_core.package_selection:Skipping not selected package 'ros_industrial_utilities' in 'support/ros_industrial_utilities'
[0.336s] INFO:colcon.colcon_core.package_selection:Skipping not selected package 'template_interfaces' in '1_basics/template_interfaces'
[0.336s] INFO:colcon.colcon_core.package_selection:Skipping not selected package 'template_package_python' in '1_basics/template_package_python'
[0.336s] INFO:colcon.colcon_core.package_selection:Skipping not selected package 'urdf_basics' in '2_urdf/urdf_basics'
[0.336s] INFO:colcon.colcon_core.package_selection:Skipping not selected package 'manipulation_moveit_config' in '4_manipulation/manipulation_moveit_config'
[0.336s] INFO:colcon.colcon_core.package_selection:Skipping not selected package 'range_sensor' in '1_basics/range_sensor'
[0.336s] INFO:colcon.colcon_core.package_selection:Skipping not selected package 'range_sensor_cpp' in '1_basics/range_sensor_cpp'
[0.336s] INFO:colcon.colcon_core.package_selection:Skipping not selected package 'ros_industrial_sensors' in 'support/ros_industrial_sensors'
[0.336s] INFO:colcon.colcon_core.package_selection:Skipping not selected package 'transferframes' in '5_transferframes/transferframes'
[0.336s] INFO:colcon.colcon_core.package_selection:Skipping not selected package 'transferframes_moveit_config' in '5_transferframes/transferframes_moveit_config'
[0.336s] Level 1:colcon.colcon_core.package_discovery:discover_packages(prefix_path) check parameters
[0.336s] Level 1:colcon.colcon_core.package_discovery:discover_packages(prefix_path) discover
[0.339s] DEBUG:colcon.colcon_installed_package_information.package_discovery:Found 22 installed packages in /home/student/ros2_industrial_ws/install
[0.339s] DEBUG:colcon.colcon_installed_package_information.package_discovery:Found 10 installed packages in /home/student/turtlebot_ws/install
[0.339s] DEBUG:colcon.colcon_installed_package_information.package_discovery:Found 12 installed packages in /home/student/xarm_ws/install
[0.341s] DEBUG:colcon.colcon_installed_package_information.package_discovery:Found 465 installed packages in /opt/ros/jazzy
[0.341s] Level 1:colcon.colcon_core.package_discovery:discover_packages(prefix_path) using defaults
[0.402s] Level 5:colcon.colcon_core.verb:set package 'ros_industrial_actuators' build argument 'cmake_args' from command line to 'None'
[0.402s] Level 5:colcon.colcon_core.verb:set package 'ros_industrial_actuators' build argument 'cmake_target' from command line to 'None'
[0.402s] Level 5:colcon.colcon_core.verb:set package 'ros_industrial_actuators' build argument 'cmake_target_skip_unavailable' from command line to 'False'
[0.402s] Level 5:colcon.colcon_core.verb:set package 'ros_industrial_actuators' build argument 'cmake_clean_cache' from command line to 'False'
[0.402s] Level 5:colcon.colcon_core.verb:set package 'ros_industrial_actuators' build argument 'cmake_clean_first' from command line to 'False'
[0.402s] Level 5:colcon.colcon_core.verb:set package 'ros_industrial_actuators' build argument 'cmake_force_configure' from command line to 'False'
[0.402s] Level 5:colcon.colcon_core.verb:set package 'ros_industrial_actuators' build argument 'ament_cmake_args' from command line to 'None'
[0.402s] Level 5:colcon.colcon_core.verb:set package 'ros_industrial_actuators' build argument 'catkin_cmake_args' from command line to 'None'
[0.402s] Level 5:colcon.colcon_core.verb:set package 'ros_industrial_actuators' build argument 'catkin_skip_building_tests' from command line to 'False'
[0.402s] DEBUG:colcon.colcon_core.verb:Building package 'ros_industrial_actuators' with the following arguments: {'ament_cmake_args': None, 'build_base': '/home/student/ros2_industrial_ws/src/ROS2_industrial/build/ros_industrial_actuators', 'catkin_cmake_args': None, 'catkin_skip_building_tests': False, 'cmake_args': None, 'cmake_clean_cache': False, 'cmake_clean_first': False, 'cmake_force_configure': False, 'cmake_target': None, 'cmake_target_skip_unavailable': False, 'install_base': '/home/student/ros2_industrial_ws/src/ROS2_industrial/install/ros_industrial_actuators', 'merge_install': False, 'path': '/home/student/ros2_industrial_ws/src/ROS2_industrial/support/ros_industrial_actuators', 'symlink_install': True, 'test_result_base': None}
[0.402s] INFO:colcon.colcon_core.executor:Executing jobs using 'parallel' executor
[0.404s] DEBUG:colcon.colcon_parallel_executor.executor.parallel:run_until_complete
[0.405s] INFO:colcon.colcon_ros.task.ament_cmake.build:Building ROS package in '/home/student/ros2_industrial_ws/src/ROS2_industrial/support/ros_industrial_actuators' with build type 'ament_cmake'
[0.405s] INFO:colcon.colcon_cmake.task.cmake.build:Building CMake package in '/home/student/ros2_industrial_ws/src/ROS2_industrial/support/ros_industrial_actuators'
[0.408s] INFO:colcon.colcon_core.plugin_system:Skipping extension 'colcon_core.shell.bat': Not used on non-Windows systems
[0.408s] INFO:colcon.colcon_core.shell:Skip shell extension 'powershell' for command environment: Not usable outside of PowerShell
[0.408s] DEBUG:colcon.colcon_core.shell:Skip shell extension 'dsv' for command environment
[0.414s] WARNING:colcon.colcon_core.shell:The following packages are in the workspace but haven't been built:
- ros_industrial_msgs
They are being used from the following locations instead:
- /home/student/ros2_industrial_ws/install/ros_industrial_msgs
To suppress this warning ignore these packages in the workspace:
--packages-ignore ros_industrial_msgs
[0.423s] DEBUG:colcon.colcon_core.event_handler.log_command:Invoking command in '/home/student/ros2_industrial_ws/src/ROS2_industrial/build/ros_industrial_actuators': CMAKE_PREFIX_PATH=${CMAKE_PREFIX_PATH}:/home/student/ros2_industrial_ws/install/urdf_basics:/home/student/ros2_industrial_ws/install/transferframes:/home/student/ros2_industrial_ws/install/template_package_python:/home/student/ros2_industrial_ws/install/ros_industrial_utilities:/home/student/ros2_industrial_ws/install/ros_industrial_support:/home/student/ros2_industrial_ws/install/ros_industrial_gazebo:/home/student/ros2_industrial_ws/install/range_sensor:/home/student/ros2_industrial_ws/install/node_demo:/home/student/ros2_industrial_ws/install/navigation:/home/student/ros2_industrial_ws/install/manipulation:/home/student/ros2_industrial_ws/install/fanuc_robots:/home/student/xarm_ws/install/uf_ros_lib:/opt/ros/jazzy /usr/bin/cmake /home/student/ros2_industrial_ws/src/ROS2_industrial/support/ros_industrial_actuators -DAMENT_CMAKE_SYMLINK_INSTALL=1 -DCMAKE_INSTALL_PREFIX=/home/student/ros2_industrial_ws/src/ROS2_industrial/install/ros_industrial_actuators
[17.220s] DEBUG:colcon.colcon_core.event_handler.log_command:Invoked command in '/home/student/ros2_industrial_ws/src/ROS2_industrial/build/ros_industrial_actuators' returned '0': CMAKE_PREFIX_PATH=${CMAKE_PREFIX_PATH}:/home/student/ros2_industrial_ws/install/urdf_basics:/home/student/ros2_industrial_ws/install/transferframes:/home/student/ros2_industrial_ws/install/template_package_python:/home/student/ros2_industrial_ws/install/ros_industrial_utilities:/home/student/ros2_industrial_ws/install/ros_industrial_support:/home/student/ros2_industrial_ws/install/ros_industrial_gazebo:/home/student/ros2_industrial_ws/install/range_sensor:/home/student/ros2_industrial_ws/install/node_demo:/home/student/ros2_industrial_ws/install/navigation:/home/student/ros2_industrial_ws/install/manipulation:/home/student/ros2_industrial_ws/install/fanuc_robots:/home/student/xarm_ws/install/uf_ros_lib:/opt/ros/jazzy /usr/bin/cmake /home/student/ros2_industrial_ws/src/ROS2_industrial/support/ros_industrial_actuators -DAMENT_CMAKE_SYMLINK_INSTALL=1 -DCMAKE_INSTALL_PREFIX=/home/student/ros2_industrial_ws/src/ROS2_industrial/install/ros_industrial_actuators
[17.220s] DEBUG:colcon.colcon_core.event_handler.log_command:Invoking command in '/home/student/ros2_industrial_ws/src/ROS2_industrial/build/ros_industrial_actuators': CMAKE_PREFIX_PATH=${CMAKE_PREFIX_PATH}:/home/student/ros2_industrial_ws/install/urdf_basics:/home/student/ros2_industrial_ws/install/transferframes:/home/student/ros2_industrial_ws/install/template_package_python:/home/student/ros2_industrial_ws/install/ros_industrial_utilities:/home/student/ros2_industrial_ws/install/ros_industrial_support:/home/student/ros2_industrial_ws/install/ros_industrial_gazebo:/home/student/ros2_industrial_ws/install/range_sensor:/home/student/ros2_industrial_ws/install/node_demo:/home/student/ros2_industrial_ws/install/navigation:/home/student/ros2_industrial_ws/install/manipulation:/home/student/ros2_industrial_ws/install/fanuc_robots:/home/student/xarm_ws/install/uf_ros_lib:/opt/ros/jazzy /usr/bin/cmake --build /home/student/ros2_industrial_ws/src/ROS2_industrial/build/ros_industrial_actuators -- -j16 -l16
[21.789s] DEBUG:colcon.colcon_core.event_handler.log_command:Invoked command in '/home/student/ros2_industrial_ws/src/ROS2_industrial/build/ros_industrial_actuators' returned '2': CMAKE_PREFIX_PATH=${CMAKE_PREFIX_PATH}:/home/student/ros2_industrial_ws/install/urdf_basics:/home/student/ros2_industrial_ws/install/transferframes:/home/student/ros2_industrial_ws/install/template_package_python:/home/student/ros2_industrial_ws/install/ros_industrial_utilities:/home/student/ros2_industrial_ws/install/ros_industrial_support:/home/student/ros2_industrial_ws/install/ros_industrial_gazebo:/home/student/ros2_industrial_ws/install/range_sensor:/home/student/ros2_industrial_ws/install/node_demo:/home/student/ros2_industrial_ws/install/navigation:/home/student/ros2_industrial_ws/install/manipulation:/home/student/ros2_industrial_ws/install/fanuc_robots:/home/student/xarm_ws/install/uf_ros_lib:/opt/ros/jazzy /usr/bin/cmake --build /home/student/ros2_industrial_ws/src/ROS2_industrial/build/ros_industrial_actuators -- -j16 -l16
[21.790s] Level 1:colcon.colcon_core.environment:create_environment_scripts_only(ros_industrial_actuators)
[21.795s] Level 1:colcon.colcon_core.environment:checking '/home/student/ros2_industrial_ws/src/ROS2_industrial/install/ros_industrial_actuators' for CMake module files
[21.795s] Level 1:colcon.colcon_core.environment:checking '/home/student/ros2_industrial_ws/src/ROS2_industrial/install/ros_industrial_actuators' for CMake config files
[21.796s] Level 1:colcon.colcon_core.environment:checking '/home/student/ros2_industrial_ws/src/ROS2_industrial/install/ros_industrial_actuators/bin'
[21.796s] Level 1:colcon.colcon_core.environment:checking '/home/student/ros2_industrial_ws/src/ROS2_industrial/install/ros_industrial_actuators/lib/pkgconfig/ros_industrial_actuators.pc'
[21.796s] Level 1:colcon.colcon_core.environment:checking '/home/student/ros2_industrial_ws/src/ROS2_industrial/install/ros_industrial_actuators/lib/python3.12/site-packages'
[21.796s] Level 1:colcon.colcon_core.environment:checking '/home/student/ros2_industrial_ws/src/ROS2_industrial/install/ros_industrial_actuators/bin'
[21.797s] INFO:colcon.colcon_core.shell:Creating package script '/home/student/ros2_industrial_ws/src/ROS2_industrial/install/ros_industrial_actuators/share/ros_industrial_actuators/package.ps1'
[21.798s] INFO:colcon.colcon_core.shell:Creating package descriptor '/home/student/ros2_industrial_ws/src/ROS2_industrial/install/ros_industrial_actuators/share/ros_industrial_actuators/package.dsv'
[21.798s] INFO:colcon.colcon_core.shell:Creating package script '/home/student/ros2_industrial_ws/src/ROS2_industrial/install/ros_industrial_actuators/share/ros_industrial_actuators/package.sh'
[21.799s] INFO:colcon.colcon_core.shell:Creating package script '/home/student/ros2_industrial_ws/src/ROS2_industrial/install/ros_industrial_actuators/share/ros_industrial_actuators/package.bash'
[21.799s] INFO:colcon.colcon_core.shell:Creating package script '/home/student/ros2_industrial_ws/src/ROS2_industrial/install/ros_industrial_actuators/share/ros_industrial_actuators/package.zsh'
[21.800s] Level 1:colcon.colcon_core.environment:create_file_with_runtime_dependencies(/home/student/ros2_industrial_ws/src/ROS2_industrial/install/ros_industrial_actuators/share/colcon-core/packages/ros_industrial_actuators)
[21.810s] DEBUG:colcon.colcon_parallel_executor.executor.parallel:closing loop
[21.811s] DEBUG:colcon.colcon_parallel_executor.executor.parallel:loop closed
[21.811s] DEBUG:colcon.colcon_parallel_executor.executor.parallel:run_until_complete finished with '2'
[21.811s] DEBUG:colcon.colcon_core.event_reactor:joining thread
[21.943s] INFO:colcon.colcon_core.plugin_system:Skipping extension 'colcon_notification.desktop_notification.notify_send': Could not find 'notify-send'
[21.944s] INFO:colcon.colcon_core.plugin_system:Skipping extension 'colcon_notification.desktop_notification.terminal_notifier': Not used on non-Darwin systems
[21.944s] INFO:colcon.colcon_core.plugin_system:Skipping extension 'colcon_notification.desktop_notification.win32': Not used on non-Windows systems
[21.944s] INFO:colcon.colcon_notification.desktop_notification:Sending desktop notification using 'notify2'
[21.946s] DEBUG:colcon.colcon_notification.desktop_notification.notify2:Failed to initialize notify2: org.freedesktop.DBus.Error.ServiceUnknown: The name org.freedesktop.Notifications was not provided by any .service files
[21.946s] DEBUG:colcon.colcon_core.event_reactor:joined thread
[21.946s] INFO:colcon.colcon_core.shell:Creating prefix script '/home/student/ros2_industrial_ws/src/ROS2_industrial/install/local_setup.ps1'
[21.947s] INFO:colcon.colcon_core.shell:Creating prefix util module '/home/student/ros2_industrial_ws/src/ROS2_industrial/install/_local_setup_util_ps1.py'
[21.948s] INFO:colcon.colcon_core.shell:Creating prefix chain script '/home/student/ros2_industrial_ws/src/ROS2_industrial/install/setup.ps1'
[21.950s] INFO:colcon.colcon_core.shell:Creating prefix script '/home/student/ros2_industrial_ws/src/ROS2_industrial/install/local_setup.sh'
[21.951s] INFO:colcon.colcon_core.shell:Creating prefix util module '/home/student/ros2_industrial_ws/src/ROS2_industrial/install/_local_setup_util_sh.py'
[21.951s] INFO:colcon.colcon_core.shell:Creating prefix chain script '/home/student/ros2_industrial_ws/src/ROS2_industrial/install/setup.sh'
[21.953s] INFO:colcon.colcon_core.shell:Creating prefix script '/home/student/ros2_industrial_ws/src/ROS2_industrial/install/local_setup.bash'
[21.954s] INFO:colcon.colcon_core.shell:Creating prefix chain script '/home/student/ros2_industrial_ws/src/ROS2_industrial/install/setup.bash'
[21.955s] INFO:colcon.colcon_core.shell:Creating prefix script '/home/student/ros2_industrial_ws/src/ROS2_industrial/install/local_setup.zsh'
[21.956s] INFO:colcon.colcon_core.shell:Creating prefix chain script '/home/student/ros2_industrial_ws/src/ROS2_industrial/install/setup.zsh'
